latitude,longitude,elevation,utc_offset_seconds,timezone,timezone_abbreviation
52.52,13.419998,38.0,0,GMT,GMT

time,temperature_2m (°C),direct_radiation (W/m²)
2025-06-11T00:00,NaN,NaN
2025-06-11T01:00,NaN,NaN
2025-06-11T02:00,NaN,NaN
2025-06-11T03:00,NaN,NaN
2025-06-11T04:00,NaN,NaN
2025-06-11T05:00,NaN,NaN
2025-06-11T06:00,NaN,NaN
2025-06-11T07:00,NaN,NaN
2025-06-11T08:00,NaN,NaN
2025-06-11T09:00,NaN,NaN
2025-06-11T10:00,NaN,NaN
2025-06-11T11:00,NaN,NaN
2025-06-11T12:00,NaN,NaN
2025-06-11T13:00,NaN,NaN
2025-06-11T14:00,NaN,NaN
2025-06-11T15:00,NaN,NaN
2025-06-11T16:00,NaN,NaN
2025-06-11T17:00,NaN,NaN
2025-06-11T18:00,NaN,NaN
2025-06-11T19:00,NaN,NaN
2025-06-11T20:00,NaN,NaN
2025-06-11T21:00,NaN,NaN
2025-06-11T22:00,NaN,NaN
2025-06-11T23:00,NaN,NaN
2025-06-12T00:00,NaN,NaN
2025-06-12T01:00,NaN,NaN
2025-06-12T02:00,NaN,NaN
2025-06-12T03:00,NaN,NaN
2025-06-12T04:00,NaN,NaN
2025-06-12T05:00,NaN,NaN
2025-06-12T06:00,NaN,NaN
2025-06-12T07:00,NaN,NaN
2025-06-12T08:00,NaN,NaN
2025-06-12T09:00,NaN,NaN
2025-06-12T10:00,NaN,NaN
2025-06-12T11:00,NaN,NaN
2025-06-12T12:00,NaN,NaN
2025-06-12T13:00,NaN,NaN
2025-06-12T14:00,NaN,NaN
2025-06-12T15:00,NaN,NaN
2025-06-12T16:00,NaN,NaN
2025-06-12T17:00,NaN,NaN
2025-06-12T18:00,NaN,NaN
2025-06-12T19:00,NaN,NaN
2025-06-12T20:00,NaN,NaN
2025-06-12T21:00,NaN,NaN
2025-06-12T22:00,NaN,NaN
2025-06-12T23:00,NaN,NaN
2025-06-13T00:00,NaN,NaN
2025-06-13T01:00,NaN,NaN
2025-06-13T02:00,NaN,NaN
2025-06-13T03:00,NaN,NaN
2025-06-13T04:00,NaN,NaN
2025-06-13T05:00,NaN,NaN
2025-06-13T06:00,NaN,NaN
2025-06-13T07:00,NaN,NaN
2025-06-13T08:00,NaN,NaN
2025-06-13T09:00,NaN,NaN
2025-06-13T10:00,NaN,NaN
2025-06-13T11:00,NaN,NaN
2025-06-13T12:00,NaN,NaN
2025-06-13T13:00,NaN,NaN
2025-06-13T14:00,NaN,NaN
2025-06-13T15:00,NaN,NaN
2025-06-13T16:00,NaN,NaN
2025-06-13T17:00,NaN,NaN
2025-06-13T18:00,NaN,NaN
2025-06-13T19:00,NaN,NaN
2025-06-13T20:00,NaN,NaN
2025-06-13T21:00,NaN,NaN
2025-06-13T22:00,NaN,NaN
2025-06-13T23:00,NaN,NaN
2025-06-14T00:00,NaN,NaN
2025-06-14T01:00,NaN,NaN
2025-06-14T02:00,NaN,NaN
2025-06-14T03:00,NaN,NaN
2025-06-14T04:00,NaN,NaN
2025-06-14T05:00,NaN,NaN
2025-06-14T06:00,NaN,NaN
2025-06-14T07:00,NaN,NaN
2025-06-14T08:00,NaN,NaN
2025-06-14T09:00,NaN,NaN
2025-06-14T10:00,NaN,NaN
2025-06-14T11:00,NaN,NaN
2025-06-14T12:00,NaN,NaN
2025-06-14T13:00,NaN,NaN
2025-06-14T14:00,NaN,NaN
2025-06-14T15:00,NaN,NaN
2025-06-14T16:00,NaN,NaN
2025-06-14T17:00,NaN,NaN
2025-06-14T18:00,NaN,NaN
2025-06-14T19:00,NaN,NaN
2025-06-14T20:00,NaN,NaN
2025-06-14T21:00,NaN,NaN
2025-06-14T22:00,NaN,NaN
2025-06-14T23:00,NaN,NaN
2025-06-15T00:00,NaN,NaN
2025-06-15T01:00,NaN,NaN
2025-06-15T02:00,NaN,NaN
2025-06-15T03:00,NaN,NaN
2025-06-15T04:00,NaN,NaN
2025-06-15T05:00,NaN,NaN
2025-06-15T06:00,NaN,NaN
2025-06-15T07:00,NaN,NaN
2025-06-15T08:00,NaN,NaN
2025-06-15T09:00,NaN,NaN
2025-06-15T10:00,NaN,NaN
2025-06-15T11:00,NaN,NaN
2025-06-15T12:00,NaN,NaN
2025-06-15T13:00,NaN,NaN
2025-06-15T14:00,NaN,NaN
2025-06-15T15:00,NaN,NaN
2025-06-15T16:00,NaN,NaN
2025-06-15T17:00,NaN,NaN
2025-06-15T18:00,NaN,NaN
2025-06-15T19:00,NaN,NaN
2025-06-15T20:00,NaN,NaN
2025-06-15T21:00,NaN,NaN
2025-06-15T22:00,NaN,NaN
2025-06-15T23:00,NaN,NaN
2025-06-16T00:00,NaN,NaN
2025-06-16T01:00,NaN,NaN
2025-06-16T02:00,NaN,NaN
2025-06-16T03:00,NaN,NaN
2025-06-16T04:00,NaN,NaN
2025-06-16T05:00,NaN,NaN
2025-06-16T06:00,NaN,NaN
2025-06-16T07:00,NaN,NaN
2025-06-16T08:00,NaN,NaN
2025-06-16T09:00,NaN,NaN
2025-06-16T10:00,NaN,NaN
2025-06-16T11:00,NaN,NaN
2025-06-16T12:00,NaN,NaN
2025-06-16T13:00,NaN,NaN
2025-06-16T14:00,NaN,NaN
2025-06-16T15:00,NaN,NaN
2025-06-16T16:00,NaN,NaN
2025-06-16T17:00,NaN,NaN
2025-06-16T18:00,NaN,NaN
2025-06-16T19:00,NaN,NaN
2025-06-16T20:00,NaN,NaN
2025-06-16T21:00,NaN,NaN
2025-06-16T22:00,NaN,NaN
2025-06-16T23:00,NaN,NaN
2025-06-17T00:00,NaN,NaN
2025-06-17T01:00,NaN,NaN
2025-06-17T02:00,NaN,NaN
2025-06-17T03:00,NaN,NaN
2025-06-17T04:00,NaN,NaN
2025-06-17T05:00,NaN,NaN
2025-06-17T06:00,NaN,NaN
2025-06-17T07:00,NaN,NaN
2025-06-17T08:00,NaN,NaN
2025-06-17T09:00,NaN,NaN
2025-06-17T10:00,NaN,NaN
2025-06-17T11:00,NaN,NaN
2025-06-17T12:00,NaN,NaN
2025-06-17T13:00,NaN,NaN
2025-06-17T14:00,NaN,NaN
2025-06-17T15:00,NaN,NaN
2025-06-17T16:00,NaN,NaN
2025-06-17T17:00,NaN,NaN
2025-06-17T18:00,NaN,NaN
2025-06-17T19:00,NaN,NaN
2025-06-17T20:00,NaN,NaN
2025-06-17T21:00,NaN,NaN
2025-06-17T22:00,NaN,NaN
2025-06-17T23:00,NaN,NaN
2025-06-18T00:00,NaN,NaN
2025-06-18T01:00,NaN,NaN
2025-06-18T02:00,NaN,NaN
2025-06-18T03:00,NaN,NaN
2025-06-18T04:00,NaN,NaN
2025-06-18T05:00,NaN,NaN
2025-06-18T06:00,NaN,NaN
2025-06-18T07:00,NaN,NaN
2025-06-18T08:00,NaN,NaN
2025-06-18T09:00,NaN,NaN
2025-06-18T10:00,NaN,NaN
2025-06-18T11:00,NaN,NaN
2025-06-18T12:00,NaN,NaN
2025-06-18T13:00,NaN,NaN
2025-06-18T14:00,NaN,NaN
2025-06-18T15:00,NaN,NaN
2025-06-18T16:00,NaN,NaN
2025-06-18T17:00,NaN,NaN
2025-06-18T18:00,NaN,NaN
2025-06-18T19:00,NaN,NaN
2025-06-18T20:00,NaN,NaN
2025-06-18T21:00,NaN,NaN
2025-06-18T22:00,NaN,NaN
2025-06-18T23:00,NaN,NaN
2025-06-19T00:00,NaN,NaN
2025-06-19T01:00,NaN,NaN
2025-06-19T02:00,NaN,NaN
2025-06-19T03:00,NaN,NaN
2025-06-19T04:00,NaN,NaN
2025-06-19T05:00,NaN,NaN
2025-06-19T06:00,NaN,NaN
2025-06-19T07:00,NaN,NaN
2025-06-19T08:00,NaN,NaN
2025-06-19T09:00,NaN,NaN
2025-06-19T10:00,NaN,NaN
2025-06-19T11:00,NaN,NaN
2025-06-19T12:00,NaN,NaN
2025-06-19T13:00,NaN,NaN
2025-06-19T14:00,NaN,NaN
2025-06-19T15:00,NaN,NaN
2025-06-19T16:00,NaN,NaN
2025-06-19T17:00,NaN,NaN
2025-06-19T18:00,NaN,NaN
2025-06-19T19:00,NaN,NaN
2025-06-19T20:00,NaN,NaN
2025-06-19T21:00,NaN,NaN
2025-06-19T22:00,NaN,NaN
2025-06-19T23:00,NaN,NaN
2025-06-20T00:00,NaN,NaN
2025-06-20T01:00,NaN,NaN
2025-06-20T02:00,NaN,NaN
2025-06-20T03:00,NaN,NaN
2025-06-20T04:00,NaN,NaN
2025-06-20T05:00,NaN,NaN
2025-06-20T06:00,NaN,NaN
2025-06-20T07:00,NaN,NaN
2025-06-20T08:00,NaN,NaN
2025-06-20T09:00,NaN,NaN
2025-06-20T10:00,NaN,NaN
2025-06-20T11:00,NaN,NaN
2025-06-20T12:00,NaN,NaN
2025-06-20T13:00,NaN,NaN
2025-06-20T14:00,NaN,NaN
2025-06-20T15:00,NaN,NaN
2025-06-20T16:00,NaN,NaN
2025-06-20T17:00,NaN,NaN
2025-06-20T18:00,NaN,NaN
2025-06-20T19:00,NaN,NaN
2025-06-20T20:00,NaN,NaN
2025-06-20T21:00,NaN,NaN
2025-06-20T22:00,NaN,NaN
2025-06-20T23:00,NaN,NaN
2025-06-21T00:00,NaN,NaN
2025-06-21T01:00,NaN,NaN
2025-06-21T02:00,NaN,NaN
2025-06-21T03:00,NaN,NaN
2025-06-21T04:00,NaN,NaN
2025-06-21T05:00,NaN,NaN
2025-06-21T06:00,NaN,NaN
2025-06-21T07:00,NaN,NaN
2025-06-21T08:00,NaN,NaN
2025-06-21T09:00,NaN,NaN
2025-06-21T10:00,NaN,NaN
2025-06-21T11:00,NaN,NaN
2025-06-21T12:00,NaN,NaN
2025-06-21T13:00,NaN,NaN
2025-06-21T14:00,NaN,NaN
2025-06-21T15:00,NaN,NaN
2025-06-21T16:00,NaN,NaN
2025-06-21T17:00,NaN,NaN
2025-06-21T18:00,NaN,NaN
2025-06-21T19:00,NaN,NaN
2025-06-21T20:00,NaN,NaN
2025-06-21T21:00,NaN,NaN
2025-06-21T22:00,NaN,NaN
2025-06-21T23:00,NaN,NaN
2025-06-22T00:00,NaN,NaN
2025-06-22T01:00,NaN,NaN
2025-06-22T02:00,NaN,NaN
2025-06-22T03:00,NaN,NaN
2025-06-22T04:00,NaN,NaN
2025-06-22T05:00,NaN,NaN
2025-06-22T06:00,NaN,NaN
2025-06-22T07:00,NaN,NaN
2025-06-22T08:00,NaN,NaN
2025-06-22T09:00,NaN,NaN
2025-06-22T10:00,NaN,NaN
2025-06-22T11:00,NaN,NaN
2025-06-22T12:00,NaN,NaN
2025-06-22T13:00,NaN,NaN
2025-06-22T14:00,NaN,NaN
2025-06-22T15:00,NaN,NaN
2025-06-22T16:00,NaN,NaN
2025-06-22T17:00,NaN,NaN
2025-06-22T18:00,NaN,NaN
2025-06-22T19:00,NaN,NaN
2025-06-22T20:00,NaN,NaN
2025-06-22T21:00,NaN,NaN
2025-06-22T22:00,NaN,NaN
2025-06-22T23:00,NaN,NaN
2025-06-23T00:00,NaN,NaN
2025-06-23T01:00,NaN,NaN
2025-06-23T02:00,NaN,NaN
2025-06-23T03:00,19.6,0.0
2025-06-23T04:00,19.1,13.0
2025-06-23T05:00,19.9,97.0
2025-06-23T06:00,21.3,241.0
2025-06-23T07:00,22.6,394.0
2025-06-23T08:00,24.5,501.0
2025-06-23T09:00,25.8,444.0
2025-06-23T10:00,26.6,417.0
2025-06-23T11:00,26.8,341.0
2025-06-23T12:00,27.4,383.0
2025-06-23T13:00,24.5,28.0
2025-06-23T14:00,24.0,473.0
2025-06-23T15:00,22.3,8.0
2025-06-23T16:00,20.8,270.0
2025-06-23T17:00,20.4,283.0
2025-06-23T18:00,18.8,156.0
2025-06-23T19:00,18.3,49.0
2025-06-23T20:00,17.7,3.0
2025-06-23T21:00,17.1,0.0
2025-06-23T22:00,16.4,0.0
2025-06-23T23:00,15.7,0.0
2025-06-24T00:00,15.1,0.0
2025-06-24T01:00,14.6,0.0
2025-06-24T02:00,14.4,0.0
2025-06-24T03:00,14.3,0.0
2025-06-24T04:00,14.4,22.0
2025-06-24T05:00,15.7,123.0
2025-06-24T06:00,17.3,174.0
2025-06-24T07:00,18.3,100.0
2025-06-24T08:00,18.7,81.0
2025-06-24T09:00,20.5,282.0
2025-06-24T10:00,21.7,278.0
2025-06-24T11:00,21.8,197.0
2025-06-24T12:00,20.9,98.0
2025-06-24T13:00,19.4,34.0
2025-06-24T14:00,19.3,33.0
2025-06-24T15:00,19.4,25.0
2025-06-24T16:00,20.9,97.0
2025-06-24T17:00,19.9,19.0
2025-06-24T18:00,19.6,3.0
2025-06-24T19:00,19.3,2.0
2025-06-24T20:00,19.8,1.0
2025-06-24T21:00,18.9,0.0
2025-06-24T22:00,18.5,0.0
2025-06-24T23:00,18.4,0.0
2025-06-25T00:00,18.5,0.0
2025-06-25T01:00,18.8,0.0
2025-06-25T02:00,18.9,0.0
2025-06-25T03:00,18.6,0.0
2025-06-25T04:00,17.9,4.0
2025-06-25T05:00,17.9,3.0
2025-06-25T06:00,17.5,5.0
2025-06-25T07:00,17.7,5.0
2025-06-25T08:00,18.1,11.0
2025-06-25T09:00,19.9,127.0
2025-06-25T10:00,22.8,462.0
2025-06-25T11:00,24.2,734.0
2025-06-25T12:00,23.7,385.0
2025-06-25T13:00,22.1,103.0
2025-06-25T14:00,23.9,639.0
2025-06-25T15:00,24.1,289.0
2025-06-25T16:00,24.2,254.0
2025-06-25T17:00,23.1,79.0
2025-06-25T18:00,22.2,20.0
2025-06-25T19:00,21.3,8.0
2025-06-25T20:00,20.5,1.0
2025-06-25T21:00,20.2,0.0
2025-06-25T22:00,18.5,0.0
2025-06-25T23:00,17.5,0.0
2025-06-26T00:00,16.9,0.0
2025-06-26T01:00,16.7,0.0
2025-06-26T02:00,16.5,0.0
2025-06-26T03:00,16.4,0.0
2025-06-26T04:00,17.0,20.0
2025-06-26T05:00,18.3,86.0
2025-06-26T06:00,20.4,237.0
2025-06-26T07:00,22.3,368.0
2025-06-26T08:00,24.2,513.0
2025-06-26T09:00,26.2,619.0
2025-06-26T10:00,27.9,487.0
2025-06-26T11:00,27.9,148.0
2025-06-26T12:00,30.2,606.0
2025-06-26T13:00,31.9,727.0
2025-06-26T14:00,29.5,52.0
2025-06-26T15:00,31.3,263.0
2025-06-26T16:00,29.2,168.0
2025-06-26T17:00,26.4,8.0
2025-06-26T18:00,23.6,5.0
2025-06-26T19:00,22.5,2.0
2025-06-26T20:00,20.8,2.0
2025-06-26T21:00,19.9,0.0
2025-06-26T22:00,19.5,0.0
2025-06-26T23:00,19.3,0.0
2025-06-27T00:00,19.1,0.0
2025-06-27T01:00,18.8,0.0
2025-06-27T02:00,18.5,0.0
2025-06-27T03:00,18.4,0.0
2025-06-27T04:00,18.5,20.0
2025-06-27T05:00,19.4,80.0
2025-06-27T06:00,20.1,135.0
2025-06-27T07:00,20.9,178.0
2025-06-27T08:00,21.7,241.0
2025-06-27T09:00,21.9,239.0
2025-06-27T10:00,22.7,411.0
2025-06-27T11:00,18.1,71.0
2025-06-27T12:00,16.3,36.0
2025-06-27T13:00,16.9,64.0
2025-06-27T14:00,20.0,614.0
2025-06-27T15:00,18.5,111.0
2025-06-27T16:00,19.2,119.0
2025-06-27T17:00,19.9,116.0
2025-06-27T18:00,19.3,53.0
2025-06-27T19:00,18.6,25.0
2025-06-27T20:00,17.3,2.0
2025-06-27T21:00,16.8,0.0
2025-06-27T22:00,16.6,0.0
2025-06-27T23:00,15.7,0.0
2025-06-28T00:00,15.1,0.0
2025-06-28T01:00,14.7,0.0
2025-06-28T02:00,14.4,0.0
2025-06-28T03:00,14.4,0.0
2025-06-28T04:00,15.0,21.0
2025-06-28T05:00,16.4,80.0
2025-06-28T06:00,18.1,134.0
2025-06-28T07:00,20.6,367.0
2025-06-28T08:00,22.8,496.0
2025-06-28T09:00,24.6,612.0
2025-06-28T10:00,26.4,694.0
2025-06-28T11:00,28.1,513.0
2025-06-28T12:00,28.7,361.0
2025-06-28T13:00,29.5,720.0
2025-06-28T14:00,30.0,654.0
2025-06-28T15:00,29.6,384.0
2025-06-28T16:00,27.9,106.0
2025-06-28T17:00,25.9,22.0
2025-06-28T18:00,25.3,34.0
2025-06-28T19:00,24.9,11.0
2025-06-28T20:00,23.3,1.0
2025-06-28T21:00,22.3,0.0
2025-06-28T22:00,21.4,0.0
2025-06-28T23:00,20.5,0.0
2025-06-29T00:00,20.2,0.0
2025-06-29T01:00,19.8,0.0
2025-06-29T02:00,19.5,0.0
2025-06-29T03:00,19.3,0.0
2025-06-29T04:00,19.3,19.0
2025-06-29T05:00,20.5,101.0
2025-06-29T06:00,22.2,225.0
2025-06-29T07:00,24.1,363.0
2025-06-29T08:00,25.8,493.0
2025-06-29T09:00,26.2,578.0
2025-06-29T10:00,26.8,640.0
2025-06-29T11:00,27.1,353.0
2025-06-29T12:00,28.8,738.0
2025-06-29T13:00,28.2,306.0
2025-06-29T14:00,27.1,97.0
2025-06-29T15:00,26.2,157.0
2025-06-29T16:00,26.3,214.0
2025-06-29T17:00,25.7,175.0
2025-06-29T18:00,24.5,88.0
2025-06-29T19:00,22.4,31.0
2025-06-29T20:00,20.9,2.0
2025-06-29T21:00,19.5,0.0
2025-06-29T22:00,18.1,0.0
2025-06-29T23:00,16.8,0.0
2025-06-30T00:00,15.7,0.0
2025-06-30T01:00,14.8,0.0
2025-06-30T02:00,14.0,0.0
2025-06-30T03:00,13.4,0.0
2025-06-30T04:00,13.5,24.0
2025-06-30T05:00,14.7,119.0
2025-06-30T06:00,16.4,253.0
2025-06-30T07:00,18.2,398.0
2025-06-30T08:00,20.0,535.0
2025-06-30T09:00,21.8,658.0
2025-06-30T10:00,23.3,746.0
2025-06-30T11:00,24.7,796.0
2025-06-30T12:00,25.4,768.0
2025-06-30T13:00,26.2,741.0
2025-06-30T14:00,26.7,689.0
2025-06-30T15:00,26.7,580.0
2025-06-30T16:00,26.4,448.0
2025-06-30T17:00,25.7,304.0
2025-06-30T18:00,24.5,164.0
2025-06-30T19:00,22.4,51.0
2025-06-30T20:00,20.7,2.0
2025-06-30T21:00,19.3,0.0
2025-06-30T22:00,18.4,0.0
2025-06-30T23:00,17.8,0.0
2025-07-01T00:00,17.4,0.0
2025-07-01T01:00,16.9,0.0
2025-07-01T02:00,16.5,0.0
2025-07-01T03:00,16.1,0.0
2025-07-01T04:00,16.5,23.0
2025-07-01T05:00,18.1,118.0
2025-07-01T06:00,20.0,252.0
2025-07-01T07:00,22.1,398.0
2025-07-01T08:00,24.1,535.0
2025-07-01T09:00,26.1,654.0
2025-07-01T10:00,27.8,742.0
2025-07-01T11:00,29.4,793.0
2025-07-01T12:00,30.6,800.0
2025-07-01T13:00,31.5,766.0
2025-07-01T14:00,32.1,691.0
2025-07-01T15:00,32.2,583.0
2025-07-01T16:00,31.9,450.0
2025-07-01T17:00,31.4,306.0
2025-07-01T18:00,30.3,165.0
2025-07-01T19:00,28.0,51.0
2025-07-01T20:00,26.5,2.0
2025-07-01T21:00,25.4,0.0
2025-07-01T22:00,24.3,0.0
2025-07-01T23:00,23.2,0.0
2025-07-02T00:00,22.5,0.0
2025-07-02T01:00,21.8,0.0
2025-07-02T02:00,21.3,0.0
2025-07-02T03:00,20.9,0.0
2025-07-02T04:00,21.2,23.0
2025-07-02T05:00,22.8,119.0
2025-07-02T06:00,25.0,254.0
2025-07-02T07:00,27.4,400.0
2025-07-02T08:00,29.7,539.0
2025-07-02T09:00,31.7,657.0
2025-07-02T10:00,33.3,746.0
2025-07-02T11:00,34.7,796.0
2025-07-02T12:00,35.7,805.0
2025-07-02T13:00,36.4,773.0
2025-07-02T14:00,36.8,699.0
2025-07-02T15:00,36.7,534.0
2025-07-02T16:00,36.4,401.0
2025-07-02T17:00,36.0,257.0
2025-07-02T18:00,35.6,124.0
2025-07-02T19:00,33.4,30.0
2025-07-02T20:00,31.2,1.0
2025-07-02T21:00,29.6,0.0
2025-07-02T22:00,28.4,0.0
2025-07-02T23:00,27.2,0.0
2025-07-03T00:00,26.8,0.0
2025-07-03T01:00,25.8,0.0
2025-07-03T02:00,23.4,0.0
2025-07-03T03:00,20.6,0.0
2025-07-03T04:00,20.6,3.0
2025-07-03T05:00,20.7,39.0
2025-07-03T06:00,21.2,51.0
2025-07-03T07:00,21.2,48.0
2025-07-03T08:00,20.4,16.0
2025-07-03T09:00,20.7,38.0
2025-07-03T10:00,22.1,155.0
2025-07-03T11:00,23.0,307.0
2025-07-03T12:00,23.5,493.0
2025-07-03T13:00,23.9,251.0
2025-07-03T14:00,24.1,305.0
2025-07-03T15:00,24.0,395.0
2025-07-03T16:00,23.6,342.0
2025-07-03T17:00,23.3,231.0
2025-07-03T18:00,22.8,116.0
2025-07-03T19:00,21.7,32.0
2025-07-03T20:00,20.7,1.0
2025-07-03T21:00,19.8,0.0
2025-07-03T22:00,18.0,0.0
2025-07-03T23:00,17.2,0.0
2025-07-04T00:00,16.3,0.0
2025-07-04T01:00,15.7,0.0
2025-07-04T02:00,15.2,0.0
2025-07-04T03:00,14.6,0.0
2025-07-04T04:00,14.4,11.0
2025-07-04T05:00,14.9,80.0
2025-07-04T06:00,15.9,77.0
2025-07-04T07:00,16.6,46.0
2025-07-04T08:00,17.8,182.0
2025-07-04T09:00,19.1,371.0
2025-07-04T10:00,20.0,441.0
2025-07-04T11:00,20.7,430.0
2025-07-04T12:00,21.9,471.0
2025-07-04T13:00,22.4,585.0
2025-07-04T14:00,23.1,577.0
2025-07-04T15:00,23.6,414.0
2025-07-04T16:00,23.3,353.0
2025-07-04T17:00,23.3,191.0
2025-07-04T18:00,23.1,47.0
2025-07-04T19:00,22.6,9.0
2025-07-04T20:00,22.2,0.0
2025-07-04T21:00,21.4,0.0
2025-07-04T22:00,20.3,0.0
2025-07-04T23:00,19.3,0.0
2025-07-05T00:00,17.9,0.0
2025-07-05T01:00,17.4,0.0
2025-07-05T02:00,16.6,0.0
2025-07-05T03:00,15.4,0.0
2025-07-05T04:00,15.1,9.0
2025-07-05T05:00,15.9,59.0
2025-07-05T06:00,18.3,126.0
2025-07-05T07:00,20.6,333.0
2025-07-05T08:00,22.7,469.0
2025-07-05T09:00,25.1,460.0
2025-07-05T10:00,26.4,473.0
2025-07-05T11:00,27.3,430.0
2025-07-05T12:00,27.5,367.0
2025-07-05T13:00,27.9,370.0
2025-07-05T14:00,27.5,129.0
2025-07-05T15:00,27.4,84.0
2025-07-05T16:00,27.3,143.0
2025-07-05T17:00,26.9,155.0
2025-07-05T18:00,26.6,64.0
2025-07-05T19:00,26.0,15.0
2025-07-05T20:00,24.4,1.0
2025-07-05T21:00,23.3,0.0
2025-07-05T22:00,22.0,0.0
2025-07-05T23:00,21.1,0.0
2025-07-06T00:00,20.5,0.0
2025-07-06T01:00,20.2,0.0
2025-07-06T02:00,19.8,0.0
2025-07-06T03:00,19.0,0.0
2025-07-06T04:00,18.9,1.0
2025-07-06T05:00,19.5,3.0
2025-07-06T06:00,20.4,16.0
2025-07-06T07:00,21.2,79.0
2025-07-06T08:00,22.6,239.0
2025-07-06T09:00,24.8,539.0
2025-07-06T10:00,26.3,428.0
2025-07-06T11:00,27.3,340.0
2025-07-06T12:00,28.1,408.0
2025-07-06T13:00,28.6,225.0
2025-07-06T14:00,28.4,71.0
2025-07-06T15:00,27.5,30.0
2025-07-06T16:00,27.1,7.0
2025-07-06T17:00,25.9,11.0
2025-07-06T18:00,25.0,6.0
2025-07-06T19:00,23.6,0.0
2025-07-06T20:00,22.8,0.0
2025-07-06T21:00,22.1,0.0
2025-07-06T22:00,21.1,0.0
2025-07-06T23:00,20.6,0.0
2025-07-07T00:00,19.7,0.0
2025-07-07T01:00,18.7,0.0
2025-07-07T02:00,18.0,0.0
2025-07-07T03:00,17.4,0.0
2025-07-07T04:00,17.4,0.0
2025-07-07T05:00,17.5,0.2
2025-07-07T06:00,17.7,4.0
2025-07-07T07:00,18.0,4.2
2025-07-07T08:00,18.7,21.5
2025-07-07T09:00,19.2,12.0
2025-07-07T10:00,18.5,2.2
2025-07-07T11:00,19.7,101.8
2025-07-07T12:00,20.0,76.0
2025-07-07T13:00,19.9,30.0
2025-07-07T14:00,21.1,230.0
2025-07-07T15:00,23.0,451.2
2025-07-07T16:00,20.4,1.2
2025-07-07T17:00,19.7,1.2
2025-07-07T18:00,19.6,8.2
2025-07-07T19:00,19.3,3.8
2025-07-07T20:00,19.0,0.0
2025-07-07T21:00,17.2,0.0
2025-07-07T22:00,17.3,0.0
2025-07-07T23:00,16.6,0.0
2025-07-08T00:00,16.3,0.0
2025-07-08T01:00,15.5,0.0
2025-07-08T02:00,15.4,0.0
2025-07-08T03:00,15.1,0.0
2025-07-08T04:00,14.6,0.0
2025-07-08T05:00,14.2,1.8
2025-07-08T06:00,14.1,18.8
2025-07-08T07:00,15.0,69.2
2025-07-08T08:00,16.4,143.8
2025-07-08T09:00,17.3,100.8
2025-07-08T10:00,18.3,97.5
2025-07-08T11:00,19.0,126.8
2025-07-08T12:00,19.7,327.0
2025-07-08T13:00,19.5,96.5
2025-07-08T14:00,19.2,182.5
2025-07-08T15:00,20.3,126.8
2025-07-08T16:00,20.7,252.0
2025-07-08T17:00,20.3,132.8
2025-07-08T18:00,19.7,34.2
2025-07-08T19:00,19.3,13.2
2025-07-08T20:00,18.9,0.2
2025-07-08T21:00,18.3,0.0
2025-07-08T22:00,17.7,0.0
2025-07-08T23:00,16.9,0.0
2025-07-09T00:00,16.5,0.0
2025-07-09T01:00,16.2,0.0
2025-07-09T02:00,15.8,0.0
2025-07-09T03:00,15.7,0.0
2025-07-09T04:00,15.6,0.2
2025-07-09T05:00,15.7,5.8
2025-07-09T06:00,16.0,11.5
2025-07-09T07:00,16.4,13.2
2025-07-09T08:00,16.6,17.2
2025-07-09T09:00,17.1,13.8
2025-07-09T10:00,17.5,14.0
2025-07-09T11:00,18.8,35.2
2025-07-09T12:00,18.5,16.2
2025-07-09T13:00,19.7,48.2
2025-07-09T14:00,19.4,171.2
2025-07-09T15:00,20.4,135.0
2025-07-09T16:00,20.7,110.8
2025-07-09T17:00,20.5,105.0
2025-07-09T18:00,19.9,29.8
2025-07-09T19:00,19.2,9.2
2025-07-09T20:00,18.5,0.2
2025-07-09T21:00,18.2,0.0
2025-07-09T22:00,17.6,0.0
2025-07-09T23:00,17.0,0.0
2025-07-10T00:00,17.0,0.0
2025-07-10T01:00,16.7,0.0
2025-07-10T02:00,16.3,0.0
2025-07-10T03:00,16.1,0.0
2025-07-10T04:00,15.8,1.2
2025-07-10T05:00,15.4,20.5
2025-07-10T06:00,15.8,36.0
2025-07-10T07:00,17.0,146.2
2025-07-10T08:00,18.7,249.0
2025-07-10T09:00,20.2,337.0
2025-07-10T10:00,21.3,430.0
2025-07-10T11:00,22.4,448.5
2025-07-10T12:00,18.9,186.5
2025-07-10T13:00,19.4,16.5
2025-07-10T14:00,20.1,104.5
2025-07-10T15:00,19.9,28.0
2025-07-10T16:00,20.1,85.0
2025-07-10T17:00,20.2,53.0
2025-07-10T18:00,20.1,47.2
2025-07-10T19:00,19.0,12.0
2025-07-10T20:00,18.8,0.0
2025-07-10T21:00,18.0,0.0
2025-07-10T22:00,17.7,0.0
2025-07-10T23:00,17.1,0.0
2025-07-11T00:00,16.0,0.0
2025-07-11T01:00,15.5,0.0
2025-07-11T02:00,14.9,0.0
2025-07-11T03:00,14.0,0.0
2025-07-11T04:00,13.9,4.5
2025-07-11T05:00,14.2,18.8
2025-07-11T06:00,15.2,65.2
2025-07-11T07:00,16.9,257.2
2025-07-11T08:00,18.9,299.5
2025-07-11T09:00,20.1,318.8
2025-07-11T10:00,21.5,191.0
2025-07-11T11:00,23.0,381.2
2025-07-11T12:00,23.7,160.5
2025-07-11T13:00,23.2,3.8
2025-07-11T14:00,23.2,7.8
2025-07-11T15:00,23.2,55.8
2025-07-11T16:00,22.1,17.0
2025-07-11T17:00,19.7,6.8
2025-07-11T18:00,18.1,1.0
2025-07-11T19:00,17.0,0.0
2025-07-11T20:00,16.2,0.0
2025-07-11T21:00,15.4,0.0
2025-07-11T22:00,15.4,0.0
2025-07-11T23:00,15.2,0.0
2025-07-12T00:00,15.1,0.0
2025-07-12T01:00,15.3,0.0
2025-07-12T02:00,15.3,0.0
2025-07-12T03:00,15.2,0.0
2025-07-12T04:00,15.1,0.0
2025-07-12T05:00,15.2,0.0
2025-07-12T06:00,14.9,1.2
2025-07-12T07:00,15.0,0.2
2025-07-12T08:00,15.4,0.2
2025-07-12T09:00,15.5,0.0
2025-07-12T10:00,16.3,8.2
2025-07-12T11:00,17.6,9.2
2025-07-12T12:00,17.1,3.2
2025-07-12T13:00,17.6,2.8
2025-07-12T14:00,17.8,3.2
2025-07-12T15:00,18.1,2.8
2025-07-12T16:00,17.9,0.5
2025-07-12T17:00,17.9,0.8
2025-07-12T18:00,17.5,0.5
2025-07-12T19:00,17.1,0.0
2025-07-12T20:00,16.9,0.0
2025-07-12T21:00,17.1,0.0
2025-07-12T22:00,17.1,0.0
2025-07-12T23:00,16.8,0.0
2025-07-13T00:00,17.2,0.0
2025-07-13T01:00,17.0,0.0
2025-07-13T02:00,16.9,0.0
2025-07-13T03:00,16.6,0.0
2025-07-13T04:00,16.5,0.0
2025-07-13T05:00,16.2,0.0
2025-07-13T06:00,16.3,2.2
2025-07-13T07:00,16.8,0.0
2025-07-13T08:00,17.4,10.0
2025-07-13T09:00,18.5,21.0
2025-07-13T10:00,19.2,52.2
2025-07-13T11:00,19.8,54.0
2025-07-13T12:00,20.9,74.5
2025-07-13T13:00,21.2,63.8
2025-07-13T14:00,21.7,115.2
2025-07-13T15:00,22.7,112.8
2025-07-13T16:00,22.9,205.0
2025-07-13T17:00,22.9,125.2
2025-07-13T18:00,21.5,35.0
2025-07-13T19:00,20.6,4.5
2025-07-13T20:00,19.8,0.2
2025-07-13T21:00,19.3,0.0
2025-07-13T22:00,19.1,0.0
2025-07-13T23:00,18.7,0.0
2025-07-14T00:00,18.0,0.0
2025-07-14T01:00,17.9,0.0
2025-07-14T02:00,17.5,0.0
2025-07-14T03:00,16.6,0.0
2025-07-14T04:00,16.5,0.2
2025-07-14T05:00,17.3,31.5
2025-07-14T06:00,18.7,140.5
2025-07-14T07:00,20.3,140.2
2025-07-14T08:00,21.5,174.0
2025-07-14T09:00,23.8,163.2
2025-07-14T10:00,24.4,119.5
2025-07-14T11:00,24.3,180.5
2025-07-14T12:00,25.6,248.8
2025-07-14T13:00,26.3,285.5
2025-07-14T14:00,26.4,193.0
2025-07-14T15:00,25.3,49.2
2025-07-14T16:00,25.8,137.8
2025-07-14T17:00,25.8,77.5
2025-07-14T18:00,25.3,30.8
2025-07-14T19:00,24.9,4.2
2025-07-14T20:00,24.0,0.2
2025-07-14T21:00,22.6,0.0
2025-07-14T22:00,22.1,0.0
2025-07-14T23:00,21.3,0.0
2025-07-15T00:00,20.2,0.0
2025-07-15T01:00,19.6,0.0
2025-07-15T02:00,19.1,0.0
2025-07-15T03:00,18.8,0.0
2025-07-15T04:00,18.9,0.2
2025-07-15T05:00,19.1,1.0
2025-07-15T06:00,19.3,0.5
2025-07-15T07:00,19.2,7.8
2025-07-15T08:00,20.2,63.2
2025-07-15T09:00,20.4,39.0
2025-07-15T10:00,21.9,136.5
2025-07-15T11:00,22.7,81.5
2025-07-15T12:00,18.1,4.0
2025-07-15T13:00,18.1,21.5
2025-07-15T14:00,19.1,120.8
2025-07-15T15:00,19.4,121.0
2025-07-15T16:00,20.1,136.2
2025-07-15T17:00,20.0,95.2
2025-07-15T18:00,20.5,72.8
2025-07-15T19:00,20.2,9.5
2025-07-15T20:00,18.7,0.0
2025-07-15T21:00,17.4,0.0
2025-07-15T22:00,16.9,0.0
2025-07-15T23:00,16.3,0.0
2025-07-16T00:00,16.0,0.0
2025-07-16T01:00,15.5,0.0
2025-07-16T02:00,14.8,0.0
2025-07-16T03:00,14.5,0.0
2025-07-16T04:00,14.3,5.8
2025-07-16T05:00,14.6,60.8
2025-07-16T06:00,15.9,181.0
2025-07-16T07:00,17.3,232.2
2025-07-16T08:00,18.7,281.0
2025-07-16T09:00,19.4,37.8
2025-07-16T10:00,20.2,111.8
2025-07-16T11:00,21.4,168.8
2025-07-16T12:00,22.7,372.5
2025-07-16T13:00,22.7,181.5
2025-07-16T14:00,16.8,1.0
2025-07-16T15:00,17.6,0.2
2025-07-16T16:00,17.5,53.2
2025-07-16T17:00,18.0,112.5
2025-07-16T18:00,18.7,18.8
2025-07-16T19:00,18.6,1.2
2025-07-16T20:00,18.3,0.2
2025-07-16T21:00,17.4,0.0
2025-07-16T22:00,16.8,0.0
2025-07-16T23:00,16.4,0.0
2025-07-17T00:00,15.3,0.0
2025-07-17T01:00,14.7,0.0
2025-07-17T02:00,14.6,0.0
2025-07-17T03:00,14.0,0.0
2025-07-17T04:00,14.0,2.8
2025-07-17T05:00,14.3,28.5
2025-07-17T06:00,15.0,27.0
2025-07-17T07:00,15.8,31.0
2025-07-17T08:00,17.2,59.0
2025-07-17T09:00,18.2,30.5
2025-07-17T10:00,18.2,28.8
2025-07-17T11:00,17.5,0.5
2025-07-17T12:00,17.7,5.5
2025-07-17T13:00,17.3,1.5
2025-07-17T14:00,17.0,2.5
2025-07-17T15:00,16.8,1.5
2025-07-17T16:00,17.3,0.0
2025-07-17T17:00,17.6,4.0
2025-07-17T18:00,18.0,12.8
2025-07-17T19:00,18.2,1.2
2025-07-17T20:00,18.3,0.0
2025-07-17T21:00,18.5,0.0
2025-07-17T22:00,18.1,0.0
2025-07-17T23:00,17.6,0.0
2025-07-18T00:00,17.2,0.0
2025-07-18T01:00,17.3,0.0
2025-07-18T02:00,16.9,0.0
2025-07-18T03:00,16.7,0.0
2025-07-18T04:00,16.8,0.2
2025-07-18T05:00,16.9,12.0
2025-07-18T06:00,17.4,42.2
2025-07-18T07:00,18.3,36.0
2025-07-18T08:00,18.8,53.2
2025-07-18T09:00,20.3,242.5
2025-07-18T10:00,20.5,42.8
2025-07-18T11:00,20.9,22.2
2025-07-18T12:00,22.0,109.5
2025-07-18T13:00,22.7,234.5
2025-07-18T14:00,23.7,264.5
2025-07-18T15:00,23.6,274.5
2025-07-18T16:00,23.9,157.2
2025-07-18T17:00,24.0,91.0
2025-07-18T18:00,24.2,50.5
2025-07-18T19:00,23.6,7.8
2025-07-18T20:00,22.6,0.2
2025-07-18T21:00,20.9,0.0
2025-07-18T22:00,20.1,0.0
2025-07-18T23:00,19.2,0.0
2025-07-19T00:00,18.3,0.0
2025-07-19T01:00,17.8,0.0
2025-07-19T02:00,17.4,0.0
2025-07-19T03:00,16.9,0.0
2025-07-19T04:00,16.5,4.5
2025-07-19T05:00,17.1,61.5
2025-07-19T06:00,19.2,172.8
2025-07-19T07:00,21.1,312.8
2025-07-19T08:00,23.0,452.0
2025-07-19T09:00,24.6,411.0
2025-07-19T10:00,25.4,374.5
2025-07-19T11:00,26.3,385.0
2025-07-19T12:00,27.3,441.5
2025-07-19T13:00,27.3,363.8
2025-07-19T14:00,27.4,246.2
2025-07-19T15:00,28.4,306.5
2025-07-19T16:00,28.2,182.5
2025-07-19T17:00,28.4,102.2
2025-07-19T18:00,28.0,44.5
2025-07-19T19:00,27.1,15.2
2025-07-19T20:00,26.0,0.2
2025-07-19T21:00,23.7,0.0
2025-07-19T22:00,22.7,0.0
2025-07-19T23:00,21.9,0.0
2025-07-20T00:00,20.9,0.0
2025-07-20T01:00,20.5,0.0
2025-07-20T02:00,19.9,0.0
2025-07-20T03:00,19.3,0.0
2025-07-20T04:00,19.2,4.5
2025-07-20T05:00,19.5,45.5
2025-07-20T06:00,20.8,145.0
2025-07-20T07:00,22.6,257.2
2025-07-20T08:00,24.6,407.8
2025-07-20T09:00,26.3,551.0
2025-07-20T10:00,27.7,633.5
2025-07-20T11:00,28.7,695.0
2025-07-20T12:00,29.3,658.0
2025-07-20T13:00,30.0,463.0
2025-07-20T14:00,30.7,321.5
2025-07-20T15:00,30.7,156.2
2025-07-20T16:00,30.5,136.8
2025-07-20T17:00,30.3,143.8
2025-07-20T18:00,29.7,79.2
2025-07-20T19:00,28.9,2.0
2025-07-20T20:00,27.5,0.2
2025-07-20T21:00,26.1,0.0
2025-07-20T22:00,25.2,0.0
2025-07-20T23:00,24.5,0.0
2025-07-21T00:00,23.6,0.0
2025-07-21T01:00,23.2,0.0
2025-07-21T02:00,22.9,0.0
2025-07-21T03:00,22.8,0.0
2025-07-21T04:00,22.2,0.0
2025-07-21T05:00,22.1,0.8
2025-07-21T06:00,22.1,0.8
2025-07-21T07:00,22.7,7.5
2025-07-21T08:00,23.2,4.2
2025-07-21T09:00,23.6,2.2
2025-07-21T10:00,23.8,11.0
2025-07-21T11:00,22.9,9.8
2025-07-21T12:00,21.7,11.5
2025-07-21T13:00,21.5,5.0
2025-07-21T14:00,20.5,5.2
2025-07-21T15:00,20.3,4.0
2025-07-21T16:00,19.7,2.0
2025-07-21T17:00,17.7,0.5
2025-07-21T18:00,16.1,0.0
2025-07-21T19:00,16.2,0.0
2025-07-21T20:00,16.1,0.0
2025-07-21T21:00,15.7,0.0
2025-07-21T22:00,15.7,0.0
2025-07-21T23:00,15.8,0.0
2025-07-22T00:00,15.7,0.0
2025-07-22T01:00,15.8,0.0
2025-07-22T02:00,15.9,0.0
2025-07-22T03:00,16.1,0.0
2025-07-22T04:00,16.1,0.0
2025-07-22T05:00,16.7,1.0
2025-07-22T06:00,16.9,32.2
2025-07-22T07:00,17.9,100.2
2025-07-22T08:00,19.3,232.0
2025-07-22T09:00,19.9,172.0
2025-07-22T10:00,21.0,291.8
2025-07-22T11:00,18.7,72.8
2025-07-22T12:00,18.8,4.0
2025-07-22T13:00,20.1,40.5
2025-07-22T14:00,18.8,5.2
2025-07-22T15:00,20.8,97.5
2025-07-22T16:00,21.0,74.0
2025-07-22T17:00,19.1,20.0
2025-07-22T18:00,19.8,1.2
2025-07-22T19:00,18.9,0.2
2025-07-22T20:00,18.0,0.0
2025-07-22T21:00,17.2,0.0
2025-07-22T22:00,17.1,0.0
2025-07-22T23:00,16.8,0.0
2025-07-23T00:00,17.0,0.0
2025-07-23T01:00,16.9,0.0
2025-07-23T02:00,16.7,0.0
2025-07-23T03:00,16.8,0.0
2025-07-23T04:00,16.7,0.0
2025-07-23T05:00,16.8,0.0
2025-07-23T06:00,16.9,0.8
2025-07-23T07:00,17.4,1.0
2025-07-23T08:00,17.5,0.8
2025-07-23T09:00,18.4,1.8
2025-07-23T10:00,18.6,5.2
2025-07-23T11:00,18.7,1.8
2025-07-23T12:00,18.8,2.8
2025-07-23T13:00,18.9,1.2
2025-07-23T14:00,20.5,4.5
2025-07-23T15:00,20.0,2.5
2025-07-23T16:00,19.9,2.2
2025-07-23T17:00,19.7,0.5
2025-07-23T18:00,19.2,0.0
2025-07-23T19:00,19.5,0.0
2025-07-23T20:00,19.8,0.0
2025-07-23T21:00,19.7,0.0
2025-07-23T22:00,19.2,0.0
2025-07-23T23:00,18.8,0.0
2025-07-24T00:00,18.6,0.0
2025-07-24T01:00,18.4,0.0
2025-07-24T02:00,18.1,0.0
2025-07-24T03:00,17.5,0.0
2025-07-24T04:00,17.1,0.8
2025-07-24T05:00,17.0,4.8
2025-07-24T06:00,17.2,6.0
2025-07-24T07:00,17.5,6.8
2025-07-24T08:00,18.3,17.5
2025-07-24T09:00,19.6,42.8
2025-07-24T10:00,20.0,56.0
2025-07-24T11:00,20.0,30.8
2025-07-24T12:00,22.4,250.0
2025-07-24T13:00,22.3,62.0
2025-07-24T14:00,23.0,50.8
2025-07-24T15:00,23.5,64.8
2025-07-24T16:00,23.1,55.8
2025-07-24T17:00,22.4,15.0
2025-07-24T18:00,22.4,5.5
2025-07-24T19:00,22.1,0.8
2025-07-24T20:00,21.5,0.0
2025-07-24T21:00,20.1,0.0
2025-07-24T22:00,19.6,0.0
2025-07-24T23:00,19.2,0.0
2025-07-25T00:00,18.7,0.0
2025-07-25T01:00,18.8,0.0
2025-07-25T02:00,18.5,0.0
2025-07-25T03:00,18.0,0.0
2025-07-25T04:00,18.3,0.0
2025-07-25T05:00,18.4,0.2
2025-07-25T06:00,18.4,0.5
2025-07-25T07:00,19.0,0.2
2025-07-25T08:00,20.1,13.8
2025-07-25T09:00,21.1,54.5
2025-07-25T10:00,20.8,7.0
2025-07-25T11:00,21.3,54.0
2025-07-25T12:00,21.3,59.8
2025-07-25T13:00,22.4,66.5
2025-07-25T14:00,23.3,98.2
2025-07-25T15:00,24.6,166.0
2025-07-25T16:00,23.7,161.5
2025-07-25T17:00,22.8,85.0
2025-07-25T18:00,22.6,9.0
2025-07-25T19:00,21.3,3.5
2025-07-25T20:00,20.5,0.0
2025-07-25T21:00,20.2,0.0
2025-07-25T22:00,20.0,0.0
2025-07-25T23:00,19.8,0.0
2025-07-26T00:00,19.6,0.0
2025-07-26T01:00,19.5,0.0
2025-07-26T02:00,19.1,0.0
2025-07-26T03:00,18.5,0.0
2025-07-26T04:00,18.2,0.5
2025-07-26T05:00,18.1,6.2
2025-07-26T06:00,18.0,8.0
2025-07-26T07:00,18.1,3.2
2025-07-26T08:00,18.3,8.2
2025-07-26T09:00,18.8,23.0
2025-07-26T10:00,19.2,14.5
2025-07-26T11:00,20.0,17.8
2025-07-26T12:00,19.8,24.2
2025-07-26T13:00,20.0,41.5
2025-07-26T14:00,21.3,182.5
2025-07-26T15:00,21.4,153.8
2025-07-26T16:00,21.8,85.2
2025-07-26T17:00,21.5,10.2
2025-07-26T18:00,21.5,12.0
2025-07-26T19:00,21.2,1.5
2025-07-26T20:00,20.8,0.0
2025-07-26T21:00,19.5,0.0
2025-07-26T22:00,18.9,0.0
2025-07-26T23:00,18.0,0.0
2025-07-27T00:00,17.1,0.0
2025-07-27T01:00,16.7,0.0
2025-07-27T02:00,16.4,0.0
2025-07-27T03:00,16.4,0.0
2025-07-27T04:00,16.1,0.2
2025-07-27T05:00,16.7,12.5
2025-07-27T06:00,18.2,44.0
2025-07-27T07:00,19.5,76.5
2025-07-27T08:00,20.7,99.5
2025-07-27T09:00,22.3,136.8
2025-07-27T10:00,22.8,163.0
2025-07-27T11:00,23.6,249.8
2025-07-27T12:00,23.5,29.2
2025-07-27T13:00,23.8,84.8
2025-07-27T14:00,23.5,40.0
2025-07-27T15:00,23.6,110.8
2025-07-27T16:00,24.1,310.0
2025-07-27T17:00,24.1,217.5
2025-07-27T18:00,24.4,71.8
2025-07-27T19:00,23.9,2.2
2025-07-27T20:00,21.4,0.0
2025-07-27T21:00,20.4,0.0
2025-07-27T22:00,19.5,0.0
2025-07-27T23:00,18.8,0.0
2025-07-28T00:00,18.4,0.0
2025-07-28T01:00,18.2,0.0
2025-07-28T02:00,18.0,0.0
2025-07-28T03:00,17.9,0.0
2025-07-28T04:00,17.8,0.0
2025-07-28T05:00,17.8,0.8
2025-07-28T06:00,18.0,5.0
2025-07-28T07:00,18.1,3.5
2025-07-28T08:00,18.3,6.0
2025-07-28T09:00,20.9,52.5
2025-07-28T10:00,21.0,102.5
2025-07-28T11:00,21.7,113.0
2025-07-28T12:00,22.4,33.5
2025-07-28T13:00,21.8,12.0
2025-07-28T14:00,21.7,42.0
2025-07-28T15:00,23.3,208.2
2025-07-28T16:00,23.2,239.5
2025-07-28T17:00,22.8,43.0
2025-07-28T18:00,22.5,37.5
2025-07-28T19:00,21.5,5.0
2025-07-28T20:00,20.5,0.0
2025-07-28T21:00,19.5,0.0
2025-07-28T22:00,18.8,0.0
2025-07-28T23:00,17.9,0.0
2025-07-29T00:00,17.3,0.0
2025-07-29T01:00,16.6,0.0
2025-07-29T02:00,15.7,0.0
2025-07-29T03:00,15.2,0.0
2025-07-29T04:00,14.7,1.2
2025-07-29T05:00,14.8,39.8
2025-07-29T06:00,15.5,68.2
2025-07-29T07:00,17.1,159.2
2025-07-29T08:00,18.5,203.8
2025-07-29T09:00,19.3,295.8
2025-07-29T10:00,19.7,180.0
2025-07-29T11:00,20.6,262.5
2025-07-29T12:00,21.2,318.2
2025-07-29T13:00,20.8,181.0
2025-07-29T14:00,20.9,317.0
2025-07-29T15:00,21.1,121.5
2025-07-29T16:00,21.5,186.5
2025-07-29T17:00,20.4,91.8
2025-07-29T18:00,20.3,64.8
2025-07-29T19:00,19.4,10.8
2025-07-29T20:00,18.5,0.0
2025-07-29T21:00,17.2,0.0
2025-07-29T22:00,16.5,0.0
2025-07-29T23:00,15.8,0.0
2025-07-30T00:00,15.1,0.0
2025-07-30T01:00,15.0,0.0
2025-07-30T02:00,15.2,0.0
2025-07-30T03:00,14.6,0.0
2025-07-30T04:00,14.4,0.8
2025-07-30T05:00,14.5,41.8
2025-07-30T06:00,15.3,146.8
2025-07-30T07:00,16.6,294.5
2025-07-30T08:00,17.9,432.0
2025-07-30T09:00,19.4,477.0
2025-07-30T10:00,20.4,555.5
2025-07-30T11:00,21.2,393.5
2025-07-30T12:00,22.0,353.5
2025-07-30T13:00,22.7,426.2
2025-07-30T14:00,22.7,223.2
2025-07-30T15:00,23.1,348.0
2025-07-30T16:00,23.2,188.8
2025-07-30T17:00,22.6,116.2
2025-07-30T18:00,21.7,52.2
2025-07-30T19:00,20.3,1.0
2025-07-30T20:00,19.1,0.0
2025-07-30T21:00,18.2,0.0
2025-07-30T22:00,17.7,0.0
2025-07-30T23:00,17.2,0.0
2025-07-31T00:00,17.0,0.0
2025-07-31T01:00,16.8,0.0
2025-07-31T02:00,15.3,0.0
2025-07-31T03:00,15.1,0.0
2025-07-31T04:00,15.0,0.0
2025-07-31T05:00,15.2,15.5
2025-07-31T06:00,15.7,14.5
2025-07-31T07:00,16.0,9.8
2025-07-31T08:00,16.5,6.0
2025-07-31T09:00,17.9,6.5
2025-07-31T10:00,18.1,34.2
2025-07-31T11:00,16.7,6.2
2025-07-31T12:00,17.0,4.5
2025-07-31T13:00,18.4,98.0
2025-07-31T14:00,18.5,65.2
2025-07-31T15:00,18.6,61.0
2025-07-31T16:00,18.8,78.0
2025-07-31T17:00,18.4,48.5
2025-07-31T18:00,18.2,16.0
2025-07-31T19:00,17.6,0.2
2025-07-31T20:00,17.2,0.0
2025-07-31T21:00,17.0,0.0
2025-07-31T22:00,16.8,0.0
2025-07-31T23:00,16.7,0.0
2025-08-01T00:00,16.3,0.0
2025-08-01T01:00,16.2,0.0
2025-08-01T02:00,16.2,0.0
2025-08-01T03:00,15.8,0.0
2025-08-01T04:00,15.6,0.2
2025-08-01T05:00,15.6,5.0
2025-08-01T06:00,16.2,10.8
2025-08-01T07:00,16.9,18.0
2025-08-01T08:00,17.6,30.5
2025-08-01T09:00,18.8,41.5
2025-08-01T10:00,19.8,186.5
2025-08-01T11:00,19.6,62.0
2025-08-01T12:00,18.8,19.2
2025-08-01T13:00,19.4,17.8
2025-08-01T14:00,18.3,164.2
2025-08-01T15:00,19.8,103.0
2025-08-01T16:00,20.4,155.0
2025-08-01T17:00,21.2,104.5
2025-08-01T18:00,21.4,43.2
2025-08-01T19:00,20.6,1.0
2025-08-01T20:00,19.8,0.0
2025-08-01T21:00,17.9,0.0
2025-08-01T22:00,17.5,0.0
2025-08-01T23:00,17.2,0.0
2025-08-02T00:00,16.5,0.0
2025-08-02T01:00,16.3,0.0
2025-08-02T02:00,16.1,0.0
2025-08-02T03:00,16.1,0.0
2025-08-02T04:00,16.0,0.0
2025-08-02T05:00,16.1,1.5
2025-08-02T06:00,16.3,10.8
2025-08-02T07:00,16.7,36.8
2025-08-02T08:00,18.4,172.0
2025-08-02T09:00,18.8,156.5
2025-08-02T10:00,19.7,120.8
2025-08-02T11:00,20.3,181.8
2025-08-02T12:00,19.9,267.5
2025-08-02T13:00,21.0,98.2
2025-08-02T14:00,19.9,192.2
2025-08-02T15:00,22.0,282.5
2025-08-02T16:00,22.0,92.0
2025-08-02T17:00,22.2,110.8
2025-08-02T18:00,22.2,48.8
2025-08-02T19:00,21.5,4.8
2025-08-02T20:00,20.5,0.0
2025-08-02T21:00,19.0,0.0
2025-08-02T22:00,18.5,0.0
2025-08-02T23:00,17.6,0.0
2025-08-03T00:00,16.8,0.0
2025-08-03T01:00,15.7,0.0
2025-08-03T02:00,15.1,0.0
2025-08-03T03:00,14.9,0.0
2025-08-03T04:00,14.8,0.0
2025-08-03T05:00,15.2,1.8
2025-08-03T06:00,15.8,11.8
2025-08-03T07:00,16.7,60.8
2025-08-03T08:00,17.3,57.5
2025-08-03T09:00,16.6,30.2
2025-08-03T10:00,17.7,137.8
2025-08-03T11:00,18.3,72.2
2025-08-03T12:00,19.0,41.0
2025-08-03T13:00,19.0,70.8
2025-08-03T14:00,19.2,45.0
2025-08-03T15:00,18.2,4.2
2025-08-03T16:00,17.8,1.2
2025-08-03T17:00,17.0,1.2
2025-08-03T18:00,17.2,1.8
2025-08-03T19:00,16.8,0.0
2025-08-03T20:00,16.4,0.0
2025-08-03T21:00,16.3,0.0
2025-08-03T22:00,15.9,0.0
2025-08-03T23:00,15.8,0.0
2025-08-04T00:00,15.5,0.0
2025-08-04T01:00,15.4,0.0
2025-08-04T02:00,15.3,0.0
2025-08-04T03:00,15.2,0.0
2025-08-04T04:00,15.2,0.0
2025-08-04T05:00,15.1,0.0
2025-08-04T06:00,15.3,0.0
2025-08-04T07:00,15.7,1.0
2025-08-04T08:00,17.1,40.5
2025-08-04T09:00,18.2,183.0
2025-08-04T10:00,19.5,138.8
2025-08-04T11:00,19.5,124.2
2025-08-04T12:00,20.5,61.8
2025-08-04T13:00,20.6,92.2
2025-08-04T14:00,21.4,108.2
2025-08-04T15:00,22.8,145.0
2025-08-04T16:00,23.5,298.8
2025-08-04T17:00,23.3,173.8
2025-08-04T18:00,23.0,40.5
2025-08-04T19:00,21.9,2.0
2025-08-04T20:00,20.6,0.0
2025-08-04T21:00,20.1,0.0
2025-08-04T22:00,19.7,0.0
2025-08-04T23:00,19.6,0.0
2025-08-05T00:00,19.8,0.0
2025-08-05T01:00,19.7,0.0
2025-08-05T02:00,19.2,0.0
2025-08-05T03:00,18.7,0.0
2025-08-05T04:00,18.6,0.0
2025-08-05T05:00,18.8,0.2
2025-08-05T06:00,18.9,0.2
2025-08-05T07:00,19.4,1.5
2025-08-05T08:00,19.9,18.8
2025-08-05T09:00,17.8,4.5
2025-08-05T10:00,17.6,0.0
2025-08-05T11:00,17.1,1.8
2025-08-05T12:00,17.3,2.2
2025-08-05T13:00,18.5,3.8
2025-08-05T14:00,19.1,16.2
2025-08-05T15:00,19.4,289.2
2025-08-05T16:00,20.1,245.5
2025-08-05T17:00,20.4,147.8
2025-08-05T18:00,19.7,65.0
2025-08-05T19:00,19.2,2.8
2025-08-05T20:00,17.8,0.0
2025-08-05T21:00,16.7,0.0
2025-08-05T22:00,15.6,0.0
2025-08-05T23:00,15.2,0.0
2025-08-06T00:00,14.4,0.0
2025-08-06T01:00,13.9,0.0
2025-08-06T02:00,13.4,0.0
2025-08-06T03:00,13.0,0.0
2025-08-06T04:00,12.6,0.5
2025-08-06T05:00,12.5,31.2
2025-08-06T06:00,13.4,112.0
2025-08-06T07:00,14.6,210.2
2025-08-06T08:00,16.3,349.2
2025-08-06T09:00,17.5,260.2
2025-08-06T10:00,18.9,336.2
2025-08-06T11:00,19.9,428.2
2025-08-06T12:00,20.7,421.8
2025-08-06T13:00,21.5,274.0
2025-08-06T14:00,21.6,345.8
2025-08-06T15:00,21.7,180.8
2025-08-06T16:00,21.9,235.0
2025-08-06T17:00,21.5,146.5
2025-08-06T18:00,21.4,59.5
2025-08-06T19:00,20.4,5.2
2025-08-06T20:00,19.4,0.0
2025-08-06T21:00,17.7,0.0
2025-08-06T22:00,17.1,0.0
2025-08-06T23:00,16.4,0.0
2025-08-07T00:00,15.5,0.0
2025-08-07T01:00,15.0,0.0
2025-08-07T02:00,14.8,0.0
2025-08-07T03:00,14.1,0.0
2025-08-07T04:00,14.1,0.0
2025-08-07T05:00,14.5,2.2
2025-08-07T06:00,15.2,24.0
2025-08-07T07:00,16.7,67.8
2025-08-07T08:00,18.5,198.5
2025-08-07T09:00,20.6,362.8
2025-08-07T10:00,21.8,364.5
2025-08-07T11:00,22.8,336.5
2025-08-07T12:00,24.3,359.2
2025-08-07T13:00,24.8,498.2
2025-08-07T14:00,25.2,498.8
2025-08-07T15:00,25.4,349.5
2025-08-07T16:00,25.7,308.0
2025-08-07T17:00,25.3,170.2
2025-08-07T18:00,24.9,58.0
2025-08-07T19:00,23.9,3.8
2025-08-07T20:00,22.5,0.0
2025-08-07T21:00,20.9,0.0
2025-08-07T22:00,20.3,0.0
2025-08-07T23:00,19.7,0.0
2025-08-08T00:00,19.1,0.0
2025-08-08T01:00,18.8,0.0
2025-08-08T02:00,18.4,0.0
2025-08-08T03:00,18.6,0.0
2025-08-08T04:00,18.2,0.0
2025-08-08T05:00,18.5,7.2
2025-08-08T06:00,19.2,50.2
2025-08-08T07:00,20.4,107.2
2025-08-08T08:00,21.6,128.2
2025-08-08T09:00,22.9,70.0
2025-08-08T10:00,23.9,161.5
2025-08-08T11:00,25.0,173.8
2025-08-08T12:00,26.2,201.2
2025-08-08T13:00,27.5,194.2
2025-08-08T14:00,27.7,146.8
2025-08-08T15:00,27.5,125.8
2025-08-08T16:00,27.2,69.0
2025-08-08T17:00,26.5,16.8
2025-08-08T18:00,25.7,10.0
2025-08-08T19:00,24.7,2.2
2025-08-08T20:00,23.6,0.0
2025-08-08T21:00,22.1,0.0
2025-08-08T22:00,21.4,0.0
2025-08-08T23:00,20.7,0.0
2025-08-09T00:00,19.5,0.0
2025-08-09T01:00,18.8,0.0
2025-08-09T02:00,18.2,0.0
2025-08-09T03:00,17.0,0.0
2025-08-09T04:00,16.5,0.2
2025-08-09T05:00,16.8,26.8
2025-08-09T06:00,18.3,121.8
2025-08-09T07:00,20.4,247.2
2025-08-09T08:00,22.4,339.2
2025-08-09T09:00,24.2,353.5
2025-08-09T10:00,25.5,389.2
2025-08-09T11:00,26.4,402.5
2025-08-09T12:00,27.4,624.5
2025-08-09T13:00,28.1,612.0
2025-08-09T14:00,28.8,529.8
2025-08-09T15:00,29.2,300.2
2025-08-09T16:00,29.4,290.0
2025-08-09T17:00,29.4,168.2
2025-08-09T18:00,29.1,48.0
2025-08-09T19:00,27.4,4.2
2025-08-09T20:00,26.3,0.0
2025-08-09T21:00,24.8,0.0
2025-08-09T22:00,23.3,0.0
2025-08-09T23:00,22.4,0.0
2025-08-10T00:00,21.5,0.0
2025-08-10T01:00,20.6,0.0
2025-08-10T02:00,18.4,0.0
2025-08-10T03:00,18.6,0.0
2025-08-10T04:00,17.7,0.2
2025-08-10T05:00,16.9,15.2
2025-08-10T06:00,17.2,51.5
2025-08-10T07:00,18.0,181.8
2025-08-10T08:00,19.3,262.5
2025-08-10T09:00,20.1,351.2
2025-08-10T10:00,22.0,498.0
2025-08-10T11:00,22.5,385.8
2025-08-10T12:00,22.7,506.2
2025-08-10T13:00,24.0,345.2
2025-08-10T14:00,24.5,305.5
2025-08-10T15:00,24.5,353.0
2025-08-10T16:00,24.2,290.5
2025-08-10T17:00,23.6,167.5
2025-08-10T18:00,23.2,60.8
2025-08-10T19:00,22.1,1.8
2025-08-10T20:00,21.0,0.0
2025-08-10T21:00,19.5,0.0
2025-08-10T22:00,18.0,0.0
2025-08-10T23:00,17.2,0.0
2025-08-11T00:00,16.0,0.0
2025-08-11T01:00,15.6,0.0
2025-08-11T02:00,15.3,0.0
2025-08-11T03:00,14.3,0.0
2025-08-11T04:00,14.0,0.2
2025-08-11T05:00,14.4,17.8
2025-08-11T06:00,15.6,111.8
2025-08-11T07:00,17.2,173.0
2025-08-11T08:00,19.4,334.0
2025-08-11T09:00,21.8,502.2
2025-08-11T10:00,23.0,617.0
2025-08-11T11:00,24.0,670.2
2025-08-11T12:00,24.8,661.8
2025-08-11T13:00,25.6,612.0
2025-08-11T14:00,26.0,543.5
2025-08-11T15:00,26.2,457.8
2025-08-11T16:00,26.1,296.5
2025-08-11T17:00,25.9,164.0
2025-08-11T18:00,25.5,27.2
2025-08-11T19:00,23.9,3.0
2025-08-11T20:00,22.5,0.0
2025-08-11T21:00,21.6,0.0
2025-08-11T22:00,20.7,0.0
2025-08-11T23:00,20.0,0.0
2025-08-12T00:00,19.0,0.0
2025-08-12T01:00,18.3,0.0
2025-08-12T02:00,17.5,0.0
2025-08-12T03:00,16.8,0.0
2025-08-12T04:00,16.4,0.2
2025-08-12T05:00,16.6,19.2
2025-08-12T06:00,17.7,106.5
2025-08-12T07:00,19.6,235.0
2025-08-12T08:00,21.7,371.5
2025-08-12T09:00,24.2,492.2
2025-08-12T10:00,25.9,592.5
2025-08-12T11:00,27.0,648.0
2025-08-12T12:00,27.9,659.0
2025-08-12T13:00,28.7,625.8
2025-08-12T14:00,29.1,553.5
2025-08-12T15:00,29.4,429.5
2025-08-12T16:00,29.2,236.8
2025-08-12T17:00,28.8,153.0
2025-08-12T18:00,27.9,45.0
2025-08-12T19:00,26.5,2.5
2025-08-12T20:00,24.8,0.0
2025-08-12T21:00,23.5,0.0
2025-08-12T22:00,22.5,0.0
2025-08-12T23:00,21.2,0.0
2025-08-13T00:00,20.4,0.0
2025-08-13T01:00,19.7,0.0
2025-08-13T02:00,19.2,0.0
2025-08-13T03:00,18.6,0.0
2025-08-13T04:00,18.2,0.0
2025-08-13T05:00,18.1,6.0
2025-08-13T06:00,18.7,46.0
2025-08-13T07:00,19.9,159.0
2025-08-13T08:00,21.3,86.0
2025-08-13T09:00,23.7,324.8
2025-08-13T10:00,26.2,432.2
2025-08-13T11:00,28.0,532.0
2025-08-13T12:00,30.8,507.2
2025-08-13T13:00,31.7,612.2
2025-08-13T14:00,31.9,565.5
2025-08-13T15:00,32.2,454.5
2025-08-13T16:00,31.7,317.5
2025-08-13T17:00,30.4,177.5
2025-08-13T18:00,29.4,55.2
2025-08-13T19:00,28.0,2.2
2025-08-13T20:00,26.4,0.0
2025-08-13T21:00,24.9,0.0
2025-08-13T22:00,23.6,0.0
2025-08-13T23:00,22.6,0.0
2025-08-14T00:00,21.9,0.0
2025-08-14T01:00,21.3,0.0
2025-08-14T02:00,20.8,0.0
2025-08-14T03:00,20.3,0.0
2025-08-14T04:00,20.0,0.0
2025-08-14T05:00,20.1,16.2
2025-08-14T06:00,21.0,100.0
2025-08-14T07:00,23.1,227.2
2025-08-14T08:00,24.9,362.5
2025-08-14T09:00,27.2,484.8
2025-08-14T10:00,29.1,581.2
2025-08-14T11:00,31.1,638.5
2025-08-14T12:00,32.0,653.0
2025-08-14T13:00,32.5,618.8
2025-08-14T14:00,33.3,539.2
2025-08-14T15:00,33.4,428.0
2025-08-14T16:00,33.3,308.5
2025-08-14T17:00,32.7,169.0
2025-08-14T18:00,32.0,49.8
2025-08-14T19:00,30.4,1.8
2025-08-14T20:00,29.1,0.0
2025-08-14T21:00,27.4,0.0
2025-08-14T22:00,26.4,0.0
2025-08-14T23:00,25.3,0.0
2025-08-15T00:00,24.5,0.0
2025-08-15T01:00,23.6,0.0
2025-08-15T02:00,22.9,0.0
2025-08-15T03:00,22.3,0.0
2025-08-15T04:00,21.8,0.0
2025-08-15T05:00,21.9,11.8
2025-08-15T06:00,22.6,75.2
2025-08-15T07:00,24.3,190.5
2025-08-15T08:00,26.5,328.2
2025-08-15T09:00,28.9,480.5
2025-08-15T10:00,31.1,557.2
2025-08-15T11:00,32.5,598.5
2025-08-15T12:00,33.5,619.0
2025-08-15T13:00,34.1,595.8
2025-08-15T14:00,33.9,486.5
2025-08-15T15:00,33.5,275.2
2025-08-15T16:00,32.6,197.2
2025-08-15T17:00,31.2,132.2
2025-08-15T18:00,29.9,41.5
2025-08-15T19:00,27.6,1.5
2025-08-15T20:00,25.7,0.0
2025-08-15T21:00,24.9,0.0
2025-08-15T22:00,23.8,0.0
2025-08-15T23:00,22.7,0.0
2025-08-16T00:00,21.6,0.0
2025-08-16T01:00,20.7,0.0
2025-08-16T02:00,19.9,0.0
2025-08-16T03:00,19.1,0.0
2025-08-16T04:00,18.5,0.0
2025-08-16T05:00,18.6,3.2
2025-08-16T06:00,18.9,21.0
2025-08-16T07:00,19.1,11.5
2025-08-16T08:00,20.0,50.5
2025-08-16T09:00,20.1,112.2
2025-08-16T10:00,20.6,129.0
2025-08-16T11:00,21.5,146.0
2025-08-16T12:00,22.6,282.0
2025-08-16T13:00,24.1,539.0
2025-08-16T14:00,24.7,466.2
2025-08-16T15:00,24.5,398.5
2025-08-16T16:00,23.9,295.5
2025-08-16T17:00,23.4,161.0
2025-08-16T18:00,22.9,46.8
2025-08-16T19:00,21.8,1.5
2025-08-16T20:00,20.1,0.0
2025-08-16T21:00,19.1,0.0
2025-08-16T22:00,18.1,0.0
2025-08-16T23:00,17.5,0.0
2025-08-17T00:00,16.2,0.0
2025-08-17T01:00,15.2,0.0
2025-08-17T02:00,14.4,0.0
2025-08-17T03:00,13.9,0.0
2025-08-17T04:00,13.4,0.0
2025-08-17T05:00,13.2,4.0
2025-08-17T06:00,13.4,40.5
2025-08-17T07:00,14.3,118.2
2025-08-17T08:00,15.4,137.2
2025-08-17T09:00,17.3,262.0
2025-08-17T10:00,18.5,271.0
2025-08-17T11:00,19.4,196.5
2025-08-17T12:00,20.1,306.0
2025-08-17T13:00,21.0,198.5
2025-08-17T14:00,21.8,175.8
2025-08-17T15:00,22.9,43.5
2025-08-17T16:00,22.7,87.0
2025-08-17T17:00,22.7,71.8
2025-08-17T18:00,22.4,41.0
2025-08-17T19:00,21.4,0.5
2025-08-17T20:00,20.7,0.0
2025-08-17T21:00,18.4,0.0
2025-08-17T22:00,17.7,0.0
2025-08-17T23:00,16.8,0.0
2025-08-18T00:00,15.9,0.0
2025-08-18T01:00,15.6,0.0
2025-08-18T02:00,15.1,0.0
2025-08-18T03:00,14.4,0.0
2025-08-18T04:00,14.0,0.0
2025-08-18T05:00,14.0,9.8
2025-08-18T06:00,14.8,97.2
2025-08-18T07:00,16.3,225.8
2025-08-18T08:00,18.0,363.8
2025-08-18T09:00,19.8,484.2
2025-08-18T10:00,21.2,577.5
2025-08-18T11:00,22.2,629.5
2025-08-18T12:00,23.4,632.8
2025-08-18T13:00,24.0,444.8
2025-08-18T14:00,24.3,266.5
2025-08-18T15:00,24.8,127.5
2025-08-18T16:00,24.2,170.0
2025-08-18T17:00,23.7,80.2
2025-08-18T18:00,23.2,29.2
2025-08-18T19:00,22.1,0.8
2025-08-18T20:00,21.2,0.0
2025-08-18T21:00,20.1,0.0
2025-08-18T22:00,19.5,0.0
2025-08-18T23:00,18.8,0.0
2025-08-19T00:00,17.7,0.0
2025-08-19T01:00,17.3,0.0
2025-08-19T02:00,16.8,0.0
2025-08-19T03:00,15.5,0.0
2025-08-19T04:00,15.2,0.0
2025-08-19T05:00,15.3,12.5
2025-08-19T06:00,16.5,93.0
2025-08-19T07:00,18.2,220.8
2025-08-19T08:00,20.0,359.0
2025-08-19T09:00,22.1,482.0
2025-08-19T10:00,23.1,576.5
2025-08-19T11:00,24.1,631.5
2025-08-19T12:00,25.0,640.8
2025-08-19T13:00,25.8,609.0
2025-08-19T14:00,26.3,535.0
2025-08-19T15:00,26.7,425.5
2025-08-19T16:00,26.7,295.0
2025-08-19T17:00,26.2,154.5
2025-08-19T18:00,26.1,40.0
2025-08-19T19:00,25.3,0.8
2025-08-19T20:00,24.1,0.0
2025-08-19T21:00,22.4,0.0
2025-08-19T22:00,21.4,0.0
2025-08-19T23:00,21.3,0.0
2025-08-20T00:00,18.7,0.0
2025-08-20T01:00,17.4,0.0
2025-08-20T02:00,16.9,0.0
2025-08-20T03:00,16.5,0.0
2025-08-20T04:00,16.2,0.0
2025-08-20T05:00,16.1,4.2
2025-08-20T06:00,15.7,28.0
2025-08-20T07:00,17.0,34.2
2025-08-20T08:00,18.5,167.5
2025-08-20T09:00,19.2,224.0
2025-08-20T10:00,20.6,219.8
2025-08-20T11:00,21.8,331.2
2025-08-20T12:00,22.9,305.2
2025-08-20T13:00,23.8,286.0
2025-08-20T14:00,24.0,253.8
2025-08-20T15:00,23.4,119.8
2025-08-20T16:00,24.0,228.5
2025-08-20T17:00,22.2,36.5
2025-08-20T18:00,21.1,23.8
2025-08-20T19:00,19.3,0.5
2025-08-20T20:00,17.7,0.0
2025-08-20T21:00,17.1,0.0
2025-08-20T22:00,16.1,0.0
2025-08-20T23:00,15.5,0.0
2025-08-21T00:00,14.5,0.0
2025-08-21T01:00,14.0,0.0
2025-08-21T02:00,13.3,0.0
2025-08-21T03:00,12.1,0.0
2025-08-21T04:00,11.5,0.0
2025-08-21T05:00,11.4,11.0
2025-08-21T06:00,12.5,90.8
2025-08-21T07:00,14.1,222.2
2025-08-21T08:00,16.2,363.0
2025-08-21T09:00,18.4,489.0
2025-08-21T10:00,20.0,585.5
2025-08-21T11:00,21.4,612.8
2025-08-21T12:00,22.9,597.2
2025-08-21T13:00,23.4,560.2
2025-08-21T14:00,23.6,457.5
2025-08-21T15:00,23.9,399.2
2025-08-21T16:00,23.2,270.0
2025-08-21T17:00,22.4,147.5
2025-08-21T18:00,21.5,36.2
2025-08-21T19:00,19.4,0.5
2025-08-21T20:00,17.7,0.0
2025-08-21T21:00,16.9,0.0
2025-08-21T22:00,16.2,0.0
2025-08-21T23:00,15.7,0.0
2025-08-22T00:00,14.7,0.0
2025-08-22T01:00,14.0,0.0
2025-08-22T02:00,13.0,0.0
2025-08-22T03:00,12.4,0.0
2025-08-22T04:00,11.8,0.0
2025-08-22T05:00,11.4,6.5
2025-08-22T06:00,11.7,24.8
2025-08-22T07:00,12.8,100.8
2025-08-22T08:00,14.8,307.8
2025-08-22T09:00,16.9,390.0
2025-08-22T10:00,18.1,271.8
2025-08-22T11:00,18.8,381.8
2025-08-22T12:00,19.1,323.0
2025-08-22T13:00,18.8,154.5
2025-08-22T14:00,18.8,74.8
2025-08-22T15:00,18.4,120.0
2025-08-22T16:00,18.5,32.0
2025-08-22T17:00,18.0,11.0
2025-08-22T18:00,17.0,3.8
2025-08-22T19:00,16.3,0.0
2025-08-22T20:00,16.0,0.0
2025-08-22T21:00,15.7,0.0
2025-08-22T22:00,15.3,0.0
2025-08-22T23:00,14.6,0.0
2025-08-23T00:00,14.4,0.0
2025-08-23T01:00,14.0,0.0
2025-08-23T02:00,13.8,0.0
2025-08-23T03:00,13.5,0.0
2025-08-23T04:00,13.1,0.0
2025-08-23T05:00,13.0,0.5
2025-08-23T06:00,13.1,2.8
2025-08-23T07:00,13.6,8.0
2025-08-23T08:00,14.2,20.2
2025-08-23T09:00,15.0,53.5
2025-08-23T10:00,16.0,135.5
2025-08-23T11:00,16.6,211.0
2025-08-23T12:00,14.4,316.5
2025-08-23T13:00,15.5,150.5
2025-08-23T14:00,15.4,56.2
2025-08-23T15:00,15.3,265.8
2025-08-23T16:00,15.8,276.2
2025-08-23T17:00,15.9,133.8
2025-08-23T18:00,15.8,24.0
2025-08-23T19:00,15.0,0.2
2025-08-23T20:00,14.1,0.0
2025-08-23T21:00,12.8,0.0
2025-08-23T22:00,12.0,0.0
2025-08-23T23:00,11.6,0.0
2025-08-24T00:00,11.1,0.0
2025-08-24T01:00,11.0,0.0
2025-08-24T02:00,10.6,0.0
2025-08-24T03:00,10.1,0.0
2025-08-24T04:00,9.6,0.0
2025-08-24T05:00,9.5,8.8
2025-08-24T06:00,10.3,83.8
2025-08-24T07:00,11.7,213.2
2025-08-24T08:00,13.5,351.5
2025-08-24T09:00,15.5,374.5
2025-08-24T10:00,17.2,456.0
2025-08-24T11:00,17.8,267.5
2025-08-24T12:00,18.8,322.2
2025-08-24T13:00,19.5,278.8
2025-08-24T14:00,18.8,158.8
2025-08-24T15:00,18.8,129.2
2025-08-24T16:00,18.0,43.5
2025-08-24T17:00,17.8,29.0
2025-08-24T18:00,17.6,0.5
2025-08-24T19:00,16.9,0.0
2025-08-24T20:00,16.0,0.0
2025-08-24T21:00,15.3,0.0
2025-08-24T22:00,14.4,0.0
2025-08-24T23:00,13.7,0.0
2025-08-25T00:00,13.1,0.0
2025-08-25T01:00,12.4,0.0
2025-08-25T02:00,11.8,0.0
2025-08-25T03:00,11.3,0.0
2025-08-25T04:00,11.2,0.0
2025-08-25T05:00,11.6,0.5
2025-08-25T06:00,12.1,4.8
2025-08-25T07:00,12.5,3.0
2025-08-25T08:00,13.3,14.8
2025-08-25T09:00,14.9,133.2
2025-08-25T10:00,15.4,72.8
2025-08-25T11:00,16.9,231.0
2025-08-25T12:00,17.5,151.5
2025-08-25T13:00,18.7,322.8
2025-08-25T14:00,19.1,260.5
2025-08-25T15:00,19.4,156.0
2025-08-25T16:00,19.8,166.2
2025-08-25T17:00,19.6,29.8
2025-08-25T18:00,18.9,3.5
2025-08-25T19:00,18.3,0.0
2025-08-25T20:00,17.6,0.0
2025-08-25T21:00,15.8,0.0
2025-08-25T22:00,15.2,0.0
2025-08-25T23:00,14.5,0.0
2025-08-26T00:00,12.8,0.0
2025-08-26T01:00,12.7,0.0
2025-08-26T02:00,12.3,0.0
2025-08-26T03:00,11.7,0.0
2025-08-26T04:00,11.3,0.0
2025-08-26T05:00,11.0,5.2
2025-08-26T06:00,11.9,77.2
2025-08-26T07:00,13.2,90.5
2025-08-26T08:00,14.8,274.0
2025-08-26T09:00,17.2,389.2
2025-08-26T10:00,18.5,336.8
2025-08-26T11:00,19.5,372.0
2025-08-26T12:00,20.3,526.2
2025-08-26T13:00,20.9,435.2
2025-08-26T14:00,21.5,434.8
2025-08-26T15:00,22.1,365.8
2025-08-26T16:00,22.3,209.8
2025-08-26T17:00,22.1,78.0
2025-08-26T18:00,21.7,16.2
2025-08-26T19:00,20.3,0.0
2025-08-26T20:00,19.2,0.0
2025-08-26T21:00,18.0,0.0
2025-08-26T22:00,17.0,0.0
2025-08-26T23:00,16.3,0.0
2025-08-27T00:00,15.9,0.0
2025-08-27T01:00,15.8,0.0
2025-08-27T02:00,15.7,0.0
2025-08-27T03:00,15.6,0.0
2025-08-27T04:00,15.3,0.0
2025-08-27T05:00,15.1,0.5
2025-08-27T06:00,15.9,28.8
2025-08-27T07:00,17.0,45.2
2025-08-27T08:00,18.5,152.0
2025-08-27T09:00,20.0,140.8
2025-08-27T10:00,21.8,191.8
2025-08-27T11:00,23.8,445.8
2025-08-27T12:00,25.6,490.2
2025-08-27T13:00,27.3,543.2
2025-08-27T14:00,28.7,242.8
2025-08-27T15:00,29.2,234.0
2025-08-27T16:00,29.2,127.2
2025-08-27T17:00,28.5,72.8
2025-08-27T18:00,27.5,10.0
2025-08-27T19:00,26.2,0.0
2025-08-27T20:00,23.6,0.0
2025-08-27T21:00,22.7,0.0
2025-08-27T22:00,21.9,0.0
2025-08-27T23:00,21.5,0.0
2025-08-28T00:00,19.0,0.0
2025-08-28T01:00,19.3,0.0
2025-08-28T02:00,19.0,0.0
2025-08-28T03:00,18.4,0.0
2025-08-28T04:00,18.1,0.0
2025-08-28T05:00,18.1,0.0
2025-08-28T06:00,18.6,1.8
2025-08-28T07:00,19.5,2.8
2025-08-28T08:00,20.3,23.0
2025-08-28T09:00,20.7,53.8
2025-08-28T10:00,20.9,0.2
2025-08-28T11:00,20.2,0.2
2025-08-28T12:00,20.4,4.0
2025-08-28T13:00,21.3,24.0
2025-08-28T14:00,22.0,19.0
2025-08-28T15:00,21.2,0.2
2025-08-28T16:00,20.6,0.5
2025-08-28T17:00,20.2,0.2
2025-08-28T18:00,20.0,0.0
2025-08-28T19:00,19.6,0.0
2025-08-28T20:00,19.3,0.0
2025-08-28T21:00,19.1,0.0
2025-08-28T22:00,18.8,0.0
2025-08-28T23:00,18.6,0.0
2025-08-29T00:00,18.5,0.0
2025-08-29T01:00,18.3,0.0
2025-08-29T02:00,18.2,0.0
2025-08-29T03:00,18.1,0.0
2025-08-29T04:00,18.0,0.0
2025-08-29T05:00,17.9,0.0
2025-08-29T06:00,18.2,0.8
2025-08-29T07:00,18.6,2.5
2025-08-29T08:00,18.7,0.0
2025-08-29T09:00,19.0,0.2
2025-08-29T10:00,19.1,0.5
2025-08-29T11:00,19.1,0.5
2025-08-29T12:00,18.9,7.0
2025-08-29T13:00,19.5,8.2
2025-08-29T14:00,20.1,36.2
2025-08-29T15:00,21.3,101.8
2025-08-29T16:00,21.1,25.2
2025-08-29T17:00,20.9,19.5
2025-08-29T18:00,20.4,8.0
2025-08-29T19:00,19.6,0.0
2025-08-29T20:00,19.0,0.0
2025-08-29T21:00,17.9,0.0
2025-08-29T22:00,17.3,0.0
2025-08-29T23:00,16.8,0.0
2025-08-30T00:00,15.8,0.0
2025-08-30T01:00,15.6,0.0
2025-08-30T02:00,15.4,0.0
2025-08-30T03:00,15.5,0.0
2025-08-30T04:00,15.3,0.0
2025-08-30T05:00,15.5,0.0
2025-08-30T06:00,16.3,1.0
2025-08-30T07:00,17.3,27.8
2025-08-30T08:00,18.9,215.5
2025-08-30T09:00,20.2,271.2
2025-08-30T10:00,20.7,225.0
2025-08-30T11:00,21.4,263.0
2025-08-30T12:00,22.8,271.5
2025-08-30T13:00,23.0,194.0
2025-08-30T14:00,23.1,85.2
2025-08-30T15:00,23.3,71.0
2025-08-30T16:00,23.1,94.0
2025-08-30T17:00,22.8,67.2
2025-08-30T18:00,22.1,12.0
2025-08-30T19:00,21.6,0.0
2025-08-30T20:00,20.6,0.0
2025-08-30T21:00,18.8,0.0
2025-08-30T22:00,18.0,0.0
2025-08-30T23:00,17.3,0.0
2025-08-31T00:00,15.8,0.0
2025-08-31T01:00,15.4,0.0
2025-08-31T02:00,14.8,0.0
2025-08-31T03:00,14.2,0.0
2025-08-31T04:00,14.0,0.0
2025-08-31T05:00,13.8,3.8
2025-08-31T06:00,14.5,61.8
2025-08-31T07:00,16.2,180.2
2025-08-31T08:00,18.4,314.0
2025-08-31T09:00,20.8,438.8
2025-08-31T10:00,22.5,534.0
2025-08-31T11:00,23.6,550.5
2025-08-31T12:00,24.5,557.2
2025-08-31T13:00,25.0,459.8
2025-08-31T14:00,25.2,365.8
2025-08-31T15:00,25.6,288.8
2025-08-31T16:00,25.7,215.5
2025-08-31T17:00,25.1,78.0
2025-08-31T18:00,24.2,13.5
2025-08-31T19:00,22.4,0.0
2025-08-31T20:00,21.1,0.0
2025-08-31T21:00,19.7,0.0
2025-08-31T22:00,18.9,0.0
2025-08-31T23:00,18.2,0.0
2025-09-01T00:00,17.3,0.0
2025-09-01T01:00,16.9,0.0
2025-09-01T02:00,16.4,0.0
2025-09-01T03:00,15.8,0.0
2025-09-01T04:00,15.2,0.0
2025-09-01T05:00,14.9,3.0
2025-09-01T06:00,15.8,58.5
2025-09-01T07:00,18.0,169.5
2025-09-01T08:00,20.5,310.5
2025-09-01T09:00,23.0,405.8
2025-09-01T10:00,24.7,406.2
2025-09-01T11:00,25.6,372.5
2025-09-01T12:00,26.3,280.5
2025-09-01T13:00,27.1,441.0
2025-09-01T14:00,27.4,257.5
2025-09-01T15:00,27.3,226.0
2025-09-01T16:00,27.0,32.2
2025-09-01T17:00,26.5,0.2
2025-09-01T18:00,25.6,0.2
2025-09-01T19:00,22.1,0.0
2025-09-01T20:00,21.3,0.0
2025-09-01T21:00,20.7,0.0
2025-09-01T22:00,19.6,0.0
2025-09-01T23:00,18.8,0.0
2025-09-02T00:00,18.6,0.0
2025-09-02T01:00,18.4,0.0
2025-09-02T02:00,18.1,0.0
2025-09-02T03:00,17.8,0.0
2025-09-02T04:00,17.7,0.0
2025-09-02T05:00,17.4,0.0
2025-09-02T06:00,17.0,0.8
2025-09-02T07:00,17.2,0.0
2025-09-02T08:00,17.6,1.0
2025-09-02T09:00,17.3,1.0
2025-09-02T10:00,17.2,0.8
2025-09-02T11:00,17.7,0.8
2025-09-02T12:00,18.5,41.0
2025-09-02T13:00,20.3,25.5
2025-09-02T14:00,21.0,48.8
2025-09-02T15:00,20.5,101.0
2025-09-02T16:00,20.9,102.2
2025-09-02T17:00,20.6,48.8
2025-09-02T18:00,20.0,6.2
2025-09-02T19:00,19.1,0.0
2025-09-02T20:00,18.6,0.0
2025-09-02T21:00,18.0,0.0
2025-09-02T22:00,18.0,0.0
2025-09-02T23:00,17.5,0.0
2025-09-03T00:00,16.6,0.0
2025-09-03T01:00,16.0,0.0
2025-09-03T02:00,15.6,0.0
2025-09-03T03:00,14.8,0.0
2025-09-03T04:00,14.3,0.0
2025-09-03T05:00,14.0,2.5
2025-09-03T06:00,14.5,55.8
2025-09-03T07:00,15.9,171.8
2025-09-03T08:00,18.1,303.0
2025-09-03T09:00,20.4,422.8
2025-09-03T10:00,22.0,510.8
2025-09-03T11:00,23.2,510.5
2025-09-03T12:00,23.5,172.2
2025-09-03T13:00,24.0,184.5
2025-09-03T14:00,24.0,97.5
2025-09-03T15:00,24.3,174.5
2025-09-03T16:00,23.9,67.0
2025-09-03T17:00,23.5,78.0
2025-09-03T18:00,22.5,7.5
2025-09-03T19:00,21.4,0.0
2025-09-03T20:00,20.8,0.0
2025-09-03T21:00,19.6,0.0
2025-09-03T22:00,19.0,0.0
2025-09-03T23:00,18.4,0.0
2025-09-04T00:00,17.7,0.0
2025-09-04T01:00,17.3,0.0
2025-09-04T02:00,17.0,0.0
2025-09-04T03:00,16.8,0.0
2025-09-04T04:00,16.6,0.0
2025-09-04T05:00,16.4,0.2
2025-09-04T06:00,16.9,44.2
2025-09-04T07:00,18.4,158.2
2025-09-04T08:00,20.7,286.8
2025-09-04T09:00,23.1,351.2
2025-09-04T10:00,24.7,259.5
2025-09-04T11:00,25.9,309.8
2025-09-04T12:00,26.5,135.8
2025-09-04T13:00,26.9,265.8
2025-09-04T14:00,27.4,299.0
2025-09-04T15:00,27.5,143.0
2025-09-04T16:00,27.4,127.2
2025-09-04T17:00,26.9,27.5
2025-09-04T18:00,25.5,0.2
2025-09-04T19:00,24.2,0.0
2025-09-04T20:00,23.3,0.0
2025-09-04T21:00,21.9,0.0
2025-09-04T22:00,21.6,0.0
2025-09-04T23:00,21.3,0.0
2025-09-05T00:00,20.7,0.0
2025-09-05T01:00,20.4,0.0
2025-09-05T02:00,20.0,0.0
2025-09-05T03:00,18.3,0.0
2025-09-05T04:00,17.8,0.0
2025-09-05T05:00,17.9,0.0
2025-09-05T06:00,17.9,0.0
2025-09-05T07:00,17.5,1.8
2025-09-05T08:00,17.8,3.2
2025-09-05T09:00,18.5,0.0
2025-09-05T10:00,19.0,5.2
2025-09-05T11:00,19.2,9.5
2025-09-05T12:00,18.2,4.0
2025-09-05T13:00,18.8,5.0
2025-09-05T14:00,19.3,20.8
2025-09-05T15:00,20.5,90.2
2025-09-05T16:00,20.7,140.8
2025-09-05T17:00,20.7,44.8
2025-09-05T18:00,20.2,2.5
2025-09-05T19:00,19.5,0.0
2025-09-05T20:00,18.7,0.0
2025-09-05T21:00,17.5,0.0
2025-09-05T22:00,16.9,0.0
2025-09-05T23:00,16.3,0.0
2025-09-06T00:00,15.6,0.0
2025-09-06T01:00,15.0,0.0
2025-09-06T02:00,14.7,0.0
2025-09-06T03:00,14.4,0.0
2025-09-06T04:00,14.1,0.0
2025-09-06T05:00,13.8,0.2
2025-09-06T06:00,13.7,5.0
2025-09-06T07:00,14.7,128.0
2025-09-06T08:00,16.3,266.8
2025-09-06T09:00,18.0,331.2
2025-09-06T10:00,19.4,373.5
2025-09-06T11:00,20.2,326.8
2025-09-06T12:00,20.9,338.0
2025-09-06T13:00,21.2,316.8
2025-09-06T14:00,21.3,226.8
2025-09-06T15:00,21.8,169.0
2025-09-06T16:00,21.8,74.2
2025-09-06T17:00,21.1,43.5
2025-09-06T18:00,20.5,5.2
2025-09-06T19:00,19.2,0.0
2025-09-06T20:00,18.2,0.0
2025-09-06T21:00,17.1,0.0
2025-09-06T22:00,16.2,0.0
2025-09-06T23:00,15.6,0.0
2025-09-07T00:00,14.6,0.0
2025-09-07T01:00,14.3,0.0
2025-09-07T02:00,14.0,0.0
2025-09-07T03:00,12.9,0.0
2025-09-07T04:00,12.8,0.0
2025-09-07T05:00,12.3,1.2
2025-09-07T06:00,12.7,40.2
2025-09-07T07:00,14.3,138.5
2025-09-07T08:00,16.6,281.5
2025-09-07T09:00,19.0,401.5
2025-09-07T10:00,20.4,478.0
2025-09-07T11:00,21.1,338.8
2025-09-07T12:00,21.8,390.5
2025-09-07T13:00,22.2,464.0
2025-09-07T14:00,22.6,283.0
2025-09-07T15:00,22.5,223.8
2025-09-07T16:00,22.1,166.0
2025-09-07T17:00,21.5,64.5
2025-09-07T18:00,21.0,3.8
2025-09-07T19:00,19.3,0.0
2025-09-07T20:00,18.1,0.0
2025-09-07T21:00,16.9,0.0
2025-09-07T22:00,16.2,0.0
2025-09-07T23:00,15.5,0.0
2025-09-08T00:00,14.7,0.0
2025-09-08T01:00,14.2,0.0
2025-09-08T02:00,13.8,0.0
2025-09-08T03:00,13.5,0.0
2025-09-08T04:00,13.4,0.0
2025-09-08T05:00,13.2,1.2
2025-09-08T06:00,13.8,41.2
2025-09-08T07:00,15.4,151.8
2025-09-08T08:00,17.5,282.5
2025-09-08T09:00,19.5,404.2
2025-09-08T10:00,20.8,265.5
2025-09-08T11:00,21.4,231.2
2025-09-08T12:00,22.1,318.5
2025-09-08T13:00,22.7,182.2
2025-09-08T14:00,22.5,160.8
2025-09-08T15:00,23.2,198.8
2025-09-08T16:00,22.9,68.5
2025-09-08T17:00,22.3,19.2
2025-09-08T18:00,21.6,2.2
2025-09-08T19:00,20.5,0.0
2025-09-08T20:00,19.4,0.0
2025-09-08T21:00,18.0,0.0
2025-09-08T22:00,17.3,0.0
2025-09-08T23:00,16.7,0.0
2025-09-09T00:00,15.7,0.0
2025-09-09T01:00,15.2,0.0
2025-09-09T02:00,14.6,0.0
2025-09-09T03:00,14.6,0.0
2025-09-09T04:00,14.2,0.0
2025-09-09T05:00,14.0,0.8
2025-09-09T06:00,14.4,30.5
2025-09-09T07:00,16.1,136.5
2025-09-09T08:00,18.1,265.8
2025-09-09T09:00,20.6,384.0
2025-09-09T10:00,22.4,407.0
2025-09-09T11:00,23.7,462.5
2025-09-09T12:00,24.7,433.0
2025-09-09T13:00,25.4,365.5
2025-09-09T14:00,25.8,354.8
2025-09-09T15:00,25.4,117.2
2025-09-09T16:00,25.1,71.2
2025-09-09T17:00,24.5,51.0
2025-09-09T18:00,23.3,0.2
2025-09-09T19:00,22.1,0.0
2025-09-09T20:00,21.2,0.0
2025-09-09T21:00,19.7,0.0
2025-09-09T22:00,19.0,0.0
2025-09-09T23:00,18.5,0.0
2025-09-10T00:00,18.4,0.0
2025-09-10T01:00,18.3,0.0
2025-09-10T02:00,18.1,0.0
2025-09-10T03:00,17.4,0.0
2025-09-10T04:00,17.3,0.0
2025-09-10T05:00,17.2,0.0
2025-09-10T06:00,17.2,13.5
2025-09-10T07:00,17.8,127.5
2025-09-10T08:00,18.7,109.5
2025-09-10T09:00,20.4,268.5
2025-09-10T10:00,21.5,162.5
2025-09-10T11:00,22.2,174.0
2025-09-10T12:00,22.5,145.0
2025-09-10T13:00,22.8,86.5
2025-09-10T14:00,22.7,43.5
2025-09-10T15:00,22.4,1.5
2025-09-10T16:00,22.1,7.0
2025-09-10T17:00,21.8,0.0
2025-09-10T18:00,21.4,0.0
2025-09-10T19:00,20.7,0.0
2025-09-10T20:00,19.3,0.0
2025-09-10T21:00,18.3,0.0
2025-09-10T22:00,17.0,0.0
2025-09-10T23:00,16.3,0.0
2025-09-11T00:00,16.5,0.0
2025-09-11T01:00,16.5,0.0
2025-09-11T02:00,16.1,0.0
2025-09-11T03:00,15.7,0.0
2025-09-11T04:00,15.2,0.0
2025-09-11T05:00,14.3,0.8
2025-09-11T06:00,14.1,38.5
2025-09-11T07:00,14.8,144.8
2025-09-11T08:00,16.5,269.0
2025-09-11T09:00,18.3,384.8
2025-09-11T10:00,20.2,452.5
2025-09-11T11:00,21.7,438.0
2025-09-11T12:00,21.9,114.5
2025-09-11T13:00,21.9,65.0
2025-09-11T14:00,21.2,59.8
2025-09-11T15:00,19.8,12.0
2025-09-11T16:00,19.7,13.8
2025-09-11T17:00,19.0,1.2
2025-09-11T18:00,17.9,0.0
2025-09-11T19:00,17.5,0.0
2025-09-11T20:00,17.1,0.0
2025-09-11T21:00,16.5,0.0
2025-09-11T22:00,16.1,0.0
2025-09-11T23:00,15.4,0.0
2025-09-12T00:00,14.4,0.0
2025-09-12T01:00,14.1,0.0
2025-09-12T02:00,13.7,0.0
2025-09-12T03:00,13.2,0.0
2025-09-12T04:00,13.1,0.0
2025-09-12T05:00,12.7,0.5
2025-09-12T06:00,12.9,25.0
2025-09-12T07:00,13.8,17.8
2025-09-12T08:00,14.6,0.5
2025-09-12T09:00,15.4,3.0
2025-09-12T10:00,17.4,289.0
2025-09-12T11:00,18.9,284.8
2025-09-12T12:00,20.1,296.2
2025-09-12T13:00,20.3,197.2
2025-09-12T14:00,20.7,252.2
2025-09-12T15:00,21.1,179.0
2025-09-12T16:00,20.7,97.2
2025-09-12T17:00,20.2,38.2
2025-09-12T18:00,19.0,0.8
2025-09-12T19:00,17.3,0.0
2025-09-12T20:00,16.3,0.0
2025-09-12T21:00,15.2,0.0
2025-09-12T22:00,14.6,0.0
2025-09-12T23:00,14.0,0.0
2025-09-13T00:00,12.9,0.0
2025-09-13T01:00,12.2,0.0
2025-09-13T02:00,12.0,0.0
2025-09-13T03:00,11.4,0.0
2025-09-13T04:00,10.9,0.0
2025-09-13T05:00,10.8,0.0
2025-09-13T06:00,11.3,8.8
2025-09-13T07:00,12.6,63.8
2025-09-13T08:00,14.4,84.5
2025-09-13T09:00,15.9,44.0
2025-09-13T10:00,17.7,86.0
2025-09-13T11:00,18.7,91.0
2025-09-13T12:00,19.5,138.0
2025-09-13T13:00,19.4,29.0
2025-09-13T14:00,19.1,64.0
2025-09-13T15:00,17.9,14.0
2025-09-13T16:00,17.3,5.0
2025-09-13T17:00,17.0,22.0
2025-09-13T18:00,16.0,1.0
2025-09-13T19:00,15.2,0.0
2025-09-13T20:00,14.7,0.0
2025-09-13T21:00,14.2,0.0
2025-09-13T22:00,14.0,0.0
2025-09-13T23:00,13.6,0.0
2025-09-14T00:00,13.1,0.0
2025-09-14T01:00,13.1,0.0
2025-09-14T02:00,13.3,0.0
2025-09-14T03:00,13.3,0.0
2025-09-14T04:00,13.5,0.0
2025-09-14T05:00,13.6,0.0
2025-09-14T06:00,13.8,0.0
2025-09-14T07:00,14.2,0.0
2025-09-14T08:00,14.4,1.0
2025-09-14T09:00,14.7,0.0
2025-09-14T10:00,14.9,3.0
2025-09-14T11:00,15.5,5.0
2025-09-14T12:00,17.0,129.0
2025-09-14T13:00,17.4,155.0
2025-09-14T14:00,17.7,159.0
2025-09-14T15:00,17.6,136.0
2025-09-14T16:00,17.1,88.0
2025-09-14T17:00,16.2,36.0
2025-09-14T18:00,15.3,4.0
2025-09-14T19:00,14.5,0.0
2025-09-14T20:00,13.6,0.0
2025-09-14T21:00,12.9,0.0
2025-09-14T22:00,12.5,0.0
2025-09-14T23:00,12.3,0.0
2025-09-15T00:00,12.1,0.0
2025-09-15T01:00,12.1,0.0
2025-09-15T02:00,12.2,0.0
2025-09-15T03:00,12.4,0.0
2025-09-15T04:00,12.9,0.0
2025-09-15T05:00,13.5,0.0
2025-09-15T06:00,14.3,3.0
2025-09-15T07:00,15.4,16.0
2025-09-15T08:00,16.6,46.0
2025-09-15T09:00,18.0,87.0
2025-09-15T10:00,19.4,129.0
2025-09-15T11:00,21.0,169.0
2025-09-15T12:00,22.2,204.0
2025-09-15T13:00,23.3,240.0
2025-09-15T14:00,24.1,254.0
2025-09-15T15:00,24.2,211.0
2025-09-15T16:00,23.1,119.0
2025-09-15T17:00,21.4,35.0
2025-09-15T18:00,19.8,3.0
2025-09-15T19:00,18.7,0.0
2025-09-15T20:00,17.7,0.0
2025-09-15T21:00,17.0,0.0
2025-09-15T22:00,16.4,0.0
2025-09-15T23:00,16.0,0.0
2025-09-16T00:00,15.7,0.0
2025-09-16T01:00,15.5,0.0
2025-09-16T02:00,15.5,0.0
2025-09-16T03:00,15.4,0.0
2025-09-16T04:00,15.4,0.0
2025-09-16T05:00,15.4,0.0
2025-09-16T06:00,15.4,6.0
2025-09-16T07:00,15.5,81.0
2025-09-16T08:00,16.8,153.0
2025-09-16T09:00,17.8,214.0
2025-09-16T10:00,18.4,222.0
2025-09-16T11:00,18.7,184.0
2025-09-16T12:00,19.0,144.0
2025-09-16T13:00,19.6,124.0
2025-09-16T14:00,20.2,108.0
2025-09-16T15:00,20.3,90.0
2025-09-16T16:00,19.6,66.0
2025-09-16T17:00,18.4,33.0
2025-09-16T18:00,17.3,3.0
2025-09-16T19:00,16.6,0.0
2025-09-16T20:00,16.0,0.0
2025-09-16T21:00,15.5,0.0
2025-09-16T22:00,15.0,0.0
2025-09-16T23:00,14.5,0.0
2025-09-17T00:00,14.1,0.0
2025-09-17T01:00,13.9,0.0
2025-09-17T02:00,13.7,0.0
2025-09-17T03:00,13.6,0.0
2025-09-17T04:00,13.4,0.0
2025-09-17T05:00,13.2,0.0
2025-09-17T06:00,13.4,6.0
2025-09-17T07:00,14.0,22.0
2025-09-17T08:00,14.9,51.0
2025-09-17T09:00,15.8,93.0
2025-09-17T10:00,16.9,154.0
2025-09-17T11:00,18.0,220.0
2025-09-17T12:00,18.8,251.0
2025-09-17T13:00,19.1,223.0
2025-09-17T14:00,19.0,164.0
2025-09-17T15:00,18.8,104.0
2025-09-17T16:00,18.2,53.0
2025-09-17T17:00,17.3,16.0
2025-09-17T18:00,16.6,1.0
2025-09-17T19:00,16.2,0.0
2025-09-17T20:00,15.9,0.0
2025-09-17T21:00,15.7,0.0
2025-09-17T22:00,15.3,0.0
2025-09-17T23:00,15.0,0.0
